languageTag,key,message,annotation
ar,systemFlowName_ANS.FAQs.alAhlyE-Shopping.subscrib.payment.corp,أسئلة شائعة:  كيف يمكننيي الاشتراك في خدمة السداد الالكتروني للشركات,
ar,systemFlowName_ANS.FAQs.alAhlyE-Shopping.subscrib.payment.corp,أسئلة شائعة:  كيف يمكننيي الاشتراك في خدمة السداد الالكتروني للشركات,
ar,systemFlowName_ANS.FAQs.alAhlyE-Shopping.req.document.subscrib,أسئلة شائعة:  ما هي المستندات المطلوبة للاشتراك بالخدمة,
ar,systemFlowName_ANS.FAQs.alAhlyE-Shopping.req.document.subscrib,أسئلة شائعة:  ما هي المستندات المطلوبة للاشتراك بالخدمة,
ar,systemFlowName_ANS.FAQs.alAhlyE-Shopping.info.req.subscript.app,أسئلة شائعة:  البيانات التي يجب استيفائها في نموذج الاشتراك ,
ar,systemFlowName_ANS.FAQs.alAhlyE-Shopping.info.req.subscript.app,أسئلة شائعة:  البيانات التي يجب استيفائها في نموذج الاشتراك ,
ar,systemFlowName_ANS.FAQs.alAhlyE-Shopping.benefit.obtain.merchant.when.subscrib,أسئلة شائعة:  ما هي المميزات التي يحصل عليها التاجر من الاشتراك في خدمة الأهلي شوبينج,
ar,systemFlowName_ANS.FAQs.alAhlyE-Shopping.benefit.obtain.merchant.when.subscrib,أسئلة شائعة:  ما هي المميزات التي يحصل عليها التاجر من الاشتراك في خدمة الأهلي شوبينج,
ar,systemFlowName_ANS.FAQs.alAhlyE-Shopping.latest.payment.offer.bank,أسئلة شائعة:  ما هي احدث خدمات التحصيل الالكتروني المقدمة من البنك الأهلي المصري,
ar,systemFlowName_ANS.FAQs.alAhlyE-Shopping.latest.payment.offer.bank,أسئلة شائعة:  ما هي احدث خدمات التحصيل الالكتروني المقدمة من البنك الأهلي المصري,
ar,systemFlowName_ANS.FAQs.acc.cert.saving.pools.min.amount.open.acc,أسئلة شائعة:  ماهو الحد الادنى لفتح الحساب  ؟,
ar,systemFlowName_ANS.FAQs.acc.cert.saving.pools.min.amount.open.acc,أسئلة شائعة:  ماهو الحد الادنى لفتح الحساب  ؟,
ar,systemFlowName_ANS.FAQs.acc.cert.saving.pools.allow.issu.chequ.book.current.acc,أسئلة شائعة:  هل يمكن اصدار دفتر شيكات للحساب الجارى,
ar,systemFlowName_ANS.FAQs.acc.cert.saving.pools.allow.issu.chequ.book.current.acc,أسئلة شائعة:  هل يمكن اصدار دفتر شيكات للحساب الجارى,
ar,systemFlowName_ANS.FAQs.acc.cert.saving.pools.term.avail.local.currenc.cert.issu,أسئلة شائعة:  ما هي مدد الشهادات بالعملة المحلية المتاحه في البنك الأهلي المصري؟؟,
ar,systemFlowName_ANS.FAQs.acc.cert.saving.pools.term.avail.local.currenc.cert.issu,أسئلة شائعة:  ما هي مدد الشهادات بالعملة المحلية المتاحه في البنك الأهلي المصري؟؟,
ar,systemFlowName_ANS.FAQs.acc.cert.saving.pools.open.acc.foreign.currenc,أسئلة شائعة:  هل يمكن فتح حساب بعملة اجنبية؟,
ar,systemFlowName_ANS.FAQs.acc.cert.saving.pools.open.acc.foreign.currenc,أسئلة شائعة:  هل يمكن فتح حساب بعملة اجنبية؟,
ar,systemFlowName_ANS.FAQs.acc.cert.saving.pools.purchas.cert.on.week,أسئلة شائعة:  هل يمكنني عمل شهاده لمدة أسبوع؟؟,
ar,systemFlowName_ANS.FAQs.acc.cert.saving.pools.purchas.cert.on.week,أسئلة شائعة:  هل يمكنني عمل شهاده لمدة أسبوع؟؟,
ar,systemFlowName_ANS.FAQs.acc.cert.saving.pools.cert.redeem.anytim,أسئلة شائعة:  هل يمكنني استرداد الشهاده في أي وقت؟,
ar,systemFlowName_ANS.FAQs.acc.cert.saving.pools.cert.redeem.anytim,أسئلة شائعة:  هل يمكنني استرداد الشهاده في أي وقت؟,
ar,systemFlowName_ANS.FAQs.acc.cert.saving.pools.term.foreign.currenc.cert.issu,أسئلة شائعة:  ما هي مدد الشهادات بالعملة الاجنبية المتاحه في البنك الأهلي المصري؟؟,
ar,systemFlowName_ANS.FAQs.acc.cert.saving.pools.term.foreign.currenc.cert.issu,أسئلة شائعة:  ما هي مدد الشهادات بالعملة الاجنبية المتاحه في البنك الأهلي المصري؟؟,
ar,systemFlowName_ANS.FAQs.acc.cert.saving.pools.borrow.against.cert.deposit,أسئلة شائعة:  هل يمكن الاقتراض بضمان شهادات/الودائع البنك الأهلي المصري؟,
ar,systemFlowName_ANS.FAQs.acc.cert.saving.pools.borrow.against.cert.deposit,أسئلة شائعة:  هل يمكن الاقتراض بضمان شهادات/الودائع البنك الأهلي المصري؟,
ar,systemFlowName_ANS.FAQs.acc.cert.saving.pools.choos.receiv.paper.statement.e.email,أسئلة شائعة:  هل يمكنني ان اختار استقبال كشف حساب ورقي و كشف حساب من خلال البريد الالكتروني؟,
ar,systemFlowName_ANS.FAQs.acc.cert.saving.pools.choos.receiv.paper.statement.e.email,أسئلة شائعة:  هل يمكنني ان اختار استقبال كشف حساب ورقي و كشف حساب من خلال البريد الالكتروني؟,
ar,systemFlowName_ANS.FAQs.acc.cert.saving.pools.open.pension.acc.work.compani,أسئلة شائعة:  هل يمكنني فتح حساب توفير المعاش وانا لازلت علي قوة شركتي؟,
ar,systemFlowName_ANS.FAQs.acc.cert.saving.pools.open.pension.acc.work.compani,أسئلة شائعة:  هل يمكنني فتح حساب توفير المعاش وانا لازلت علي قوة شركتي؟,
ar,systemFlowName_ANS.FAQs.acc.cert.saving.pools.foreign.open.acc,أسئلة شائعة:  هل يمكن فتح حساب للأجانب؟,
ar,systemFlowName_ANS.FAQs.acc.cert.saving.pools.foreign.open.acc,أسئلة شائعة:  هل يمكن فتح حساب للأجانب؟,
ar,systemFlowName_ANS.FAQs.acc.cert.saving.pools.open.joint.acc,أسئلة شائعة:  هل يمكن فتح حساب مشترك ,
ar,systemFlowName_ANS.FAQs.acc.cert.saving.pools.open.joint.acc,أسئلة شائعة:  هل يمكن فتح حساب مشترك ,
ar,systemFlowName_ANS.FAQs.acc.cert.saving.pools.student.ag.year.open.acc,أسئلة شائعة:  هل يمكن لطالب اقل من 21 سنة فتح حساب؟ ,
ar,systemFlowName_ANS.FAQs.acc.cert.saving.pools.student.ag.year.open.acc,أسئلة شائعة:  هل يمكن لطالب اقل من 21 سنة فتح حساب؟ ,
ar,systemFlowName_ANS.FAQs.acc.cert.saving.pools.card.issu.acc,أسئلة شائعة:  هل يمكن اصدار بطاقة على الحساب؟,
ar,systemFlowName_ANS.FAQs.acc.cert.saving.pools.card.issu.acc,أسئلة شائعة:  هل يمكن اصدار بطاقة على الحساب؟,
ar,systemFlowName_ANS.FAQs.acc.cert.saving.pools.max.amount.open.acc,أسئلة شائعة:  هل هناك حد اقصى لفتح الحسابات ؟,
ar,systemFlowName_ANS.FAQs.acc.cert.saving.pools.max.amount.open.acc,أسئلة شائعة:  هل هناك حد اقصى لفتح الحسابات ؟,
ar,systemFlowName_ANS.FAQs.acc.cert.saving.pools.prize.draw.acc,أسئلة شائعة:  هل هناك سحوبات جوائز عل الحسابات ؟,
ar,systemFlowName_ANS.FAQs.acc.cert.saving.pools.prize.draw.acc,أسئلة شائعة:  هل هناك سحوبات جوائز عل الحسابات ؟,
ar,systemFlowName_ANS.FAQs.acc.cert.saving.pools.altern.paper.statement.acc.cancel,أسئلة شائعة:  هل هناك بديل لكشف الحساب الورقي او الغاؤه؟,
ar,systemFlowName_ANS.FAQs.acc.cert.saving.pools.altern.paper.statement.acc.cancel,أسئلة شائعة:  هل هناك بديل لكشف الحساب الورقي او الغاؤه؟,
ar,systemFlowName_ANS.FAQs.mortgage.finance.residenti.unit.initi,أسئلة شائعة:  كيف يمكنني الحصول على وحدة سكنية في مبادرة التمويل العقاري؟,
ar,systemFlowName_ANS.FAQs.mortgage.finance.residenti.unit.initi,أسئلة شائعة:  كيف يمكنني الحصول على وحدة سكنية في مبادرة التمويل العقاري؟,
ar,systemFlowName_ANS.FAQs.mortgage.finance.requir.financ.residenti.unit,أسئلة شائعة:  ما هي مواصفات الوحدات السكنية القابلة للتمويل؟,
ar,systemFlowName_ANS.FAQs.mortgage.finance.requir.financ.residenti.unit,أسئلة شائعة:  ما هي مواصفات الوحدات السكنية القابلة للتمويل؟,
ar,systemFlowName_ANS.FAQs.auto.loan.borrow.against.new.annual.platinum.cert.monthli.return,أسئلة شائعة:  كيف يتم الاقتراض بضمان الشهادات البلاتينية الجديدة ذات العائد الشهري 18%؟,
ar,systemFlowName_ANS.FAQs.auto.loan.borrow.against.new.annual.platinum.cert.monthli.return,أسئلة شائعة:  كيف يتم الاقتراض بضمان الشهادات البلاتينية الجديدة ذات العائد الشهري 18%؟,
ar,systemFlowName_ANS.FAQs.auto.loan.max.tenor,أسئلة شائعة:  ما هو الحد الأقصى لمدة التمويل بقرض السيارة؟,
ar,systemFlowName_ANS.FAQs.auto.loan.max.tenor,أسئلة شائعة:  ما هو الحد الأقصى لمدة التمويل بقرض السيارة؟,
ar,systemFlowName_ANS.FAQs.alAhlyPlatinum.services.subscrib,أسئلة شائعة:  كيف يمكنني الاشتراك في خدمة الأهلي بلاتينم ؟,
ar,systemFlowName_ANS.FAQs.alAhlyPlatinum.services.subscrib,أسئلة شائعة:  كيف يمكنني الاشتراك في خدمة الأهلي بلاتينم ؟,
ar,systemFlowName_ANS.FAQs.alAhlyPlatinum.services.qualifi.segment,أسئلة شائعة:  كيفية التأهل لشريحة بلاتينم؟ ,
ar,systemFlowName_ANS.FAQs.alAhlyPlatinum.services.qualifi.segment,أسئلة شائعة:  كيفية التأهل لشريحة بلاتينم؟ ,
ar,systemFlowName_ANS.FAQs.alAhlyPlatinum.services.qualifi.plu,أسئلة شائعة:  كيفية التأهل لشريحة بلاتينم بلس؟ ,
ar,systemFlowName_ANS.FAQs.alAhlyPlatinum.services.qualifi.plu,أسئلة شائعة:  كيفية التأهل لشريحة بلاتينم بلس؟ ,
ar,systemFlowName_ANS.FAQs.alAhlyPlatinum.services.qualifi.elit,أسئلة شائعة:  كيفية التأهل لشريحة بلاتينم ايليت؟ ,
ar,systemFlowName_ANS.FAQs.alAhlyPlatinum.services.qualifi.elit,أسئلة شائعة:  كيفية التأهل لشريحة بلاتينم ايليت؟ ,
ar,systemFlowName_ANS.FAQs.alAhlyPlatinum.services.subscrib.road.assist,أسئلة شائعة:  كيفية الأشتراك في خدمات المساعدة على الطريق؟ ,
ar,systemFlowName_ANS.FAQs.alAhlyPlatinum.services.subscrib.road.assist,أسئلة شائعة:  كيفية الأشتراك في خدمات المساعدة على الطريق؟ ,
ar,systemFlowName_ANS.FAQs.alAhlyPlatinum.services.subscrib.concierg,أسئلة شائعة:  كيفية الأشتراك في خدمات الكونسيرج؟ ,
ar,systemFlowName_ANS.FAQs.alAhlyPlatinum.services.subscrib.concierg,أسئلة شائعة:  كيفية الأشتراك في خدمات الكونسيرج؟ ,
ar,systemFlowName_ANS.FAQs.alAhlyPlatinum.services.s.custom.segment.criteria,أسئلة شائعة:  ماهي معايير تصنيف العملاء لدى البنك؟,
ar,systemFlowName_ANS.FAQs.alAhlyPlatinum.services.s.custom.segment.criteria,أسئلة شائعة:  ماهي معايير تصنيف العملاء لدى البنك؟,
ar,systemFlowName_ANS.FAQs.alAhlyPlatinum.services.subscript.fee.when.appli,أسئلة شائعة:  ماهي مصاريف الاشتراك في الخدمة؟ ومتى يتم تطبيق مصاريف على الخدمة؟,
ar,systemFlowName_ANS.FAQs.alAhlyPlatinum.services.subscript.fee.when.appli,أسئلة شائعة:  ماهي مصاريف الاشتراك في الخدمة؟ ومتى يتم تطبيق مصاريف على الخدمة؟,
ar,systemFlowName_ANS.FAQs.alAhlyPlatinum.services.opt,أسئلة شائعة:  كيفية الخروج من الخدمة؟ ,
ar,systemFlowName_ANS.FAQs.alAhlyPlatinum.services.opt,أسئلة شائعة:  كيفية الخروج من الخدمة؟ ,
ar,systemFlowName_ANS.FAQs.alAhlyPoints.program,أسئلة شائعة:  ما هو برنامج AL-AHLY Points,
ar,systemFlowName_ANS.FAQs.alAhlyPoints.program,أسئلة شائعة:  ما هو برنامج AL-AHLY Points,
ar,systemFlowName_ANS.FAQs.alAhlyPoints.enrol.reward.program,أسئلة شائعة:  كيف يمكن التسجيل في برنامج AL-AHLY Points؟,
ar,systemFlowName_ANS.FAQs.alAhlyPoints.enrol.reward.program,أسئلة شائعة:  كيف يمكن التسجيل في برنامج AL-AHLY Points؟,
ar,systemFlowName_ANS.FAQs.alAhlyPoints.earn,أسئلة شائعة:  كيف يمكن الحصول على نقاط AL-AHLY Points؟  ,
ar,systemFlowName_ANS.FAQs.alAhlyPoints.earn,أسئلة شائعة:  كيف يمكن الحصول على نقاط AL-AHLY Points؟  ,
ar,systemFlowName_ANS.FAQs.alAhlyPoints.membership.fee.enrol.program,أسئلة شائعة:   هل توجد أي رسوم عضوية للتسجيل في البرنامج؟,
ar,systemFlowName_ANS.FAQs.alAhlyPoints.membership.fee.enrol.program,أسئلة شائعة:   هل توجد أي رسوم عضوية للتسجيل في البرنامج؟,
ar,systemFlowName_ANS.FAQs.alAhlyPoints.product.offer,أسئلة شائعة:  ما هي منتجات البنك الأهلي التي تمنح نقاط AL-AHLY Points,
ar,systemFlowName_ANS.FAQs.alAhlyPoints.product.offer,أسئلة شائعة:  ما هي منتجات البنك الأهلي التي تمنح نقاط AL-AHLY Points,
ar,systemFlowName_ANS.FAQs.alAhlyPoints.expir,أسئلة شائعة:   هل هناك تاريخ لانتهاء سريان نقاط AL-AHLY Points؟,
ar,systemFlowName_ANS.FAQs.alAhlyPoints.expir,أسئلة شائعة:   هل هناك تاريخ لانتهاء سريان نقاط AL-AHLY Points؟,
ar,systemFlowName_ANS.FAQs.alAhlyPoints.keep.track.balanc,أسئلة شائعة:   كيف يمكن متابعة رصيد نقاط AL-AHLY Points الخاص بي؟,
ar,systemFlowName_ANS.FAQs.alAhlyPoints.keep.track.balanc,أسئلة شائعة:   كيف يمكن متابعة رصيد نقاط AL-AHLY Points الخاص بي؟,
ar,systemFlowName_ANS.FAQs.alAhlyPoints.redeem.e.voucher,أسئلة شائعة:   كيف يمكن استبدال نقاط الأهلي الى قسائم الكترونية؟,
ar,systemFlowName_ANS.FAQs.alAhlyPoints.redeem.e.voucher,أسئلة شائعة:   كيف يمكن استبدال نقاط الأهلي الى قسائم الكترونية؟,
ar,systemFlowName_ANS.FAQs.alAhlyPoints.voucher.exchang.cash,أسئلة شائعة:  هل يمكن استبدال القسائم بمبالغ مالية؟,
ar,systemFlowName_ANS.FAQs.alAhlyPoints.voucher.exchang.cash,أسئلة شائعة:  هل يمكن استبدال القسائم بمبالغ مالية؟,
ar,systemFlowName_ANS.FAQs.alAhlyPoints.voucher.denomin,أسئلة شائعة:  ما هي فئات القسائم التي يمكن استبدالها؟,
ar,systemFlowName_ANS.FAQs.alAhlyPoints.voucher.denomin,أسئلة شائعة:  ما هي فئات القسائم التي يمكن استبدالها؟,
ar,systemFlowName_ANS.FAQs.alAhlyPoints.receiv.e.voucher,أسئلة شائعة:   كيف يتم استلام القسائم الالكترونية؟,
ar,systemFlowName_ANS.FAQs.alAhlyPoints.receiv.e.voucher,أسئلة شائعة:   كيف يتم استلام القسائم الالكترونية؟,
ar,systemFlowName_ANS.FAQs.alAhlyPoints.us.e.voucher.merchant,أسئلة شائعة:  كيف يتم استخدام القسائم الالكترونية لدى التجار؟,
ar,systemFlowName_ANS.FAQs.alAhlyPoints.us.e.voucher.merchant,أسئلة شائعة:  كيف يتم استخدام القسائم الالكترونية لدى التجار؟,
ar,systemFlowName_ANS.FAQs.alAhlyPoints.redeem.travel.world,أسئلة شائعة:  كيف يتم استبدال النقاط في السفر حول العالم؟,
ar,systemFlowName_ANS.FAQs.alAhlyPoints.redeem.travel.world,أسئلة شائعة:  كيف يتم استبدال النقاط في السفر حول العالم؟,
ar,systemFlowName_ANS.FAQs.alAhlyPoints.redeem.mobil.top,أسئلة شائعة:   كيف يتم استبدال النقاط في شحن الهاتف المحمول؟,
ar,systemFlowName_ANS.FAQs.alAhlyPoints.redeem.mobil.top,أسئلة شائعة:   كيف يتم استبدال النقاط في شحن الهاتف المحمول؟,
ar,systemFlowName_ANS.FAQs.alAhlyPoints.redeem.cash.reward,أسئلة شائعة:   كيف يتم استبدال النقاط في Cash Rewards؟,
ar,systemFlowName_ANS.FAQs.alAhlyPoints.redeem.cash.reward,أسئلة شائعة:   كيف يتم استبدال النقاط في Cash Rewards؟,
ar,systemFlowName_ANS.FAQs.alAhlyPoints.cash.reward.denomin,أسئلة شائعة:   ما قيم الـ Cash Rewards التي يمكن استبدالها؟,
ar,systemFlowName_ANS.FAQs.alAhlyPoints.cash.reward.denomin,أسئلة شائعة:   ما قيم الـ Cash Rewards التي يمكن استبدالها؟,
ar,systemFlowName_ANS.FAQs.alAhlyPoints.long.cash.reward.credit.card,أسئلة شائعة:  كم يستغرق استرداد الـ Cash Reward على البطاقة الائتمانية؟,
ar,systemFlowName_ANS.FAQs.alAhlyPoints.long.cash.reward.credit.card,أسئلة شائعة:  كم يستغرق استرداد الـ Cash Reward على البطاقة الائتمانية؟,
ar,systemFlowName_ANS.FAQs.personal.loan.,أسئلة شائعة:  ما هو التمويل الشخصي؟,
ar,systemFlowName_ANS.FAQs.personal.loan.,أسئلة شائعة:  ما هو التمويل الشخصي؟,
ar,systemFlowName_ANS.FAQs.personal.loan.term.condit.loan,أسئلة شائعة:  ما هي الشروط و الاحكام الخاصه بالقرض الشخصى ؟,
ar,systemFlowName_ANS.FAQs.personal.loan.term.condit.loan,أسئلة شائعة:  ما هي الشروط و الاحكام الخاصه بالقرض الشخصى ؟,
ar,systemFlowName_ANS.FAQs.personal.loan.condit.req.document,أسئلة شائعة:  ما هي شروط المنح و المستندات المطلوبه للتقديم على تمويل شخصى ؟,
ar,systemFlowName_ANS.FAQs.personal.loan.condit.req.document,أسئلة شائعة:  ما هي شروط المنح و المستندات المطلوبه للتقديم على تمويل شخصى ؟,
ar,systemFlowName_ANS.FAQs.personal.loan.interest.rate.calcul,أسئلة شائعة:  كيف يتم احتساب العائد على التمويل الشخصي؟ ,
ar,systemFlowName_ANS.FAQs.personal.loan.interest.rate.calcul,أسئلة شائعة:  كيف يتم احتساب العائد على التمويل الشخصي؟ ,
ar,systemFlowName_ANS.FAQs.personal.loan.appli,أسئلة شائعة:  كيف يمكنني التقدم بطلب للحصول على تمويل شخصي ؟,
ar,systemFlowName_ANS.FAQs.personal.loan.appli,أسئلة شائعة:  كيف يمكنني التقدم بطلب للحصول على تمويل شخصي ؟,
ar,systemFlowName_ANS.FAQs.personal.loan.document.req.appli,"أسئلة شائعة:  ما هي المستندات التي يجب أن أقدمها كجزء من طلب التمويل النقدي الخاص بي؟
",
ar,systemFlowName_ANS.FAQs.personal.loan.document.req.appli,"أسئلة شائعة:  ما هي المستندات التي يجب أن أقدمها كجزء من طلب التمويل النقدي الخاص بي؟
",
ar,systemFlowName_ANS.FAQs.personal.loan.transfer.salari.obligatori,أسئلة شائعة:  هل تحويل الراتب إلى البنك إلزامي للحصول على تمويل شخصى ؟,
ar,systemFlowName_ANS.FAQs.personal.loan.transfer.salari.obligatori,أسئلة شائعة:  هل تحويل الراتب إلى البنك إلزامي للحصول على تمويل شخصى ؟,
ar,systemFlowName_ANS.FAQs.personal.loan.min.ag.appli,أسئلة شائعة:  ما هو الحد الأدنى للعمر  للحصول على تمويل شخصى ؟,
ar,systemFlowName_ANS.FAQs.personal.loan.min.ag.appli,أسئلة شائعة:  ما هو الحد الأدنى للعمر  للحصول على تمويل شخصى ؟,
ar,systemFlowName_ANS.FAQs.personal.loan.max.ag.matur,أسئلة شائعة:  ما هو الحد الأقصى للعمر عند استحقاق التمويل؟,
ar,systemFlowName_ANS.FAQs.personal.loan.max.ag.matur,أسئلة شائعة:  ما هو الحد الأقصى للعمر عند استحقاق التمويل؟,
ar,systemFlowName_ANS.FAQs.personal.loan.insur.avail,أسئلة شائعة:  هل هناك تغطية تأمينية متاحة للتمويل الشخصى النقدي؟,
ar,systemFlowName_ANS.FAQs.personal.loan.insur.avail,أسئلة شائعة:  هل هناك تغطية تأمينية متاحة للتمويل الشخصى النقدي؟,
ar,systemFlowName_ANS.FAQs.personal.loan.just.join.compani.min.period.appli,أسئلة شائعة:  لقد انضممت للتو إلى شركتي. هل يوجد حد ادنى للخدمه للحصول على تمويل شخصى؟ ,
ar,systemFlowName_ANS.FAQs.personal.loan.just.join.compani.min.period.appli,أسئلة شائعة:  لقد انضممت للتو إلى شركتي. هل يوجد حد ادنى للخدمه للحصول على تمويل شخصى؟ ,
ar,systemFlowName_ANS.FAQs.personal.loan.max.tenor,أسئلة شائعة:  ما هي أقصى فترة سداد للتمويل النقدي؟,
ar,systemFlowName_ANS.FAQs.personal.loan.max.tenor,أسئلة شائعة:  ما هي أقصى فترة سداد للتمويل النقدي؟,
ar,systemFlowName_ANS.FAQs.personal.loan.max.amount,أسئلة شائعة:  ما هو الحد الأقصى لمبلغ التمويل ؟,
ar,systemFlowName_ANS.FAQs.personal.loan.max.amount,أسئلة شائعة:  ما هو الحد الأقصى لمبلغ التمويل ؟,
ar,systemFlowName_ANS.FAQs.personal.loan.increas.amount.outstand.obtain.on,أسئلة شائعة:  هل يمكنني زيادة القرض القائم لدي او الحصول علي اكثر من تمويل ؟,
ar,systemFlowName_ANS.FAQs.personal.loan.increas.amount.outstand.obtain.on,أسئلة شائعة:  هل يمكنني زيادة القرض القائم لدي او الحصول علي اكثر من تمويل ؟,
ar,systemFlowName_ANS.FAQs.personal.loan.repai.instal,أسئلة شائعة:  كيف يمكنني ان اسدد أقساط التمويل بعد الحصول عليه ؟,
ar,systemFlowName_ANS.FAQs.personal.loan.repai.instal,أسئلة شائعة:  كيف يمكنني ان اسدد أقساط التمويل بعد الحصول عليه ؟,
ar,systemFlowName_ANS.FAQs.personal.loan.prepai,أسئلة شائعة:  هل يمكنني سداد التمويل قبل انتهاء مدته التي تم التعاقد عليها وقت المنح ؟,
ar,systemFlowName_ANS.FAQs.personal.loan.prepai,أسئلة شائعة:  هل يمكنني سداد التمويل قبل انتهاء مدته التي تم التعاقد عليها وقت المنح ؟,
ar,systemFlowName_ANS.FAQs.alAhlyPhoneCash.subscrib,أسئلة شائعة:  كيف يمكننى الاشتراك في محفظة الأهلى فون كاش ؟,
ar,systemFlowName_ANS.FAQs.alAhlyPhoneCash.subscrib,أسئلة شائعة:  كيف يمكننى الاشتراك في محفظة الأهلى فون كاش ؟,
ar,systemFlowName_ANS.FAQs.alAhlyPhoneCash.req.document.subscript,أسئلة شائعة:  ما هي الأوراق المطلوبة للاشتراك بالخدمة ؟,
ar,systemFlowName_ANS.FAQs.alAhlyPhoneCash.req.document.subscript,أسئلة شائعة:  ما هي الأوراق المطلوبة للاشتراك بالخدمة ؟,
ar,systemFlowName_ANS.FAQs.alAhlyPhoneCash.wallet.subscrib,أسئلة شائعة:  كم عدد المحافظ التي يمكننى الاشتراك بها ؟,
ar,systemFlowName_ANS.FAQs.alAhlyPhoneCash.wallet.subscrib,أسئلة شائعة:  كم عدد المحافظ التي يمكننى الاشتراك بها ؟,
ar,systemFlowName_ANS.FAQs.alAhlyPhoneCash.creat.password.first.time,أسئلة شائعة:  كيف يمكنني الحصول على الرقم  السري الخاص بخدمة  الأهلى فون كاش أول مرة  ؟,
ar,systemFlowName_ANS.FAQs.alAhlyPhoneCash.creat.password.first.time,أسئلة شائعة:  كيف يمكنني الحصول على الرقم  السري الخاص بخدمة  الأهلى فون كاش أول مرة  ؟,
ar,systemFlowName_ANS.FAQs.alAhlyPhoneCash.reset.password,أسئلة شائعة:  كيف يمكن إعادة ضبط الرقم السرى ؟,
ar,systemFlowName_ANS.FAQs.alAhlyPhoneCash.reset.password,أسئلة شائعة:  كيف يمكن إعادة ضبط الرقم السرى ؟,
ar,systemFlowName_ANS.FAQs.alAhlyPhoneCash.chang.password,أسئلة شائعة:  كيف يمكنني تغيير الرقم السري؟,
ar,systemFlowName_ANS.FAQs.alAhlyPhoneCash.chang.password,أسئلة شائعة:  كيف يمكنني تغيير الرقم السري؟,
ar,systemFlowName_ANS.FAQs.alAhlyPhoneCash.enter.wrong.password.onc,أسئلة شائعة:  ماذا لو قمت بإدخال الرقم السرى خطأ أكثر من مرة؟,
ar,systemFlowName_ANS.FAQs.alAhlyPhoneCash.enter.wrong.password.onc,أسئلة شائعة:  ماذا لو قمت بإدخال الرقم السرى خطأ أكثر من مرة؟,
ar,systemFlowName_ANS.FAQs.alAhlyPhoneCash.chang.mobil.number,أسئلة شائعة:  ماذا لو قمت بتغيير رقم الهاتف المحمول الخاص بى ؟,
ar,systemFlowName_ANS.FAQs.alAhlyPhoneCash.chang.mobil.number,أسئلة شائعة:  ماذا لو قمت بتغيير رقم الهاتف المحمول الخاص بى ؟,
ar,systemFlowName_ANS.FAQs.alAhlyPhoneCash.chang.mobil.phone.devic,أسئلة شائعة:  ماذا لو قمت بتغيير جهاز الهاتف المحمول ؟,
ar,systemFlowName_ANS.FAQs.alAhlyPhoneCash.chang.mobil.phone.devic,أسئلة شائعة:  ماذا لو قمت بتغيير جهاز الهاتف المحمول ؟,
ar,systemFlowName_ANS.FAQs.alAhlyPhoneCash.mobil.sim.link.wallet.stolen.lost,أسئلة شائعة:  ماذا لو تم سرقة /فقد شريحة الهاتف المحمول ؟,
ar,systemFlowName_ANS.FAQs.alAhlyPhoneCash.mobil.sim.link.wallet.stolen.lost,أسئلة شائعة:  ماذا لو تم سرقة /فقد شريحة الهاتف المحمول ؟,
ar,systemFlowName_ANS.FAQs.alAhlyPhoneCash.transfer.amount.wallet.outsid.egypt,أسئلة شائعة:  هل يمكن تحويل أي مبالغ لمحفظة عميل اخر خارج الجمهورية ؟,
ar,systemFlowName_ANS.FAQs.alAhlyPhoneCash.transfer.amount.wallet.outsid.egypt,أسئلة شائعة:  هل يمكن تحويل أي مبالغ لمحفظة عميل اخر خارج الجمهورية ؟,
ar,systemFlowName_ANS.FAQs.alAhlyPhoneCash.review.detail.transact.made.wallet,أسئلة شائعة:  كيف يمكننى الاطلاع على تفاصيل المعاملات التي تمت باستخدام المحفظة؟ ,
ar,systemFlowName_ANS.FAQs.alAhlyPhoneCash.review.detail.transact.made.wallet,أسئلة شائعة:  كيف يمكننى الاطلاع على تفاصيل المعاملات التي تمت باستخدام المحفظة؟ ,
ar,systemFlowName_ANS.FAQs.alAhlyPhoneCash.link.card.wallet,أسئلة شائعة:  كيف يمكنني ربط أي يطاقة مصدرة من البنك على المحفظة؟,
ar,systemFlowName_ANS.FAQs.alAhlyPhoneCash.link.card.wallet,أسئلة شائعة:  كيف يمكنني ربط أي يطاقة مصدرة من البنك على المحفظة؟,
ar,systemFlowName_ANS.FAQs.alAhlyPhoneCash.replac.card.number.link.wallet.upon.replac.due.loss.damag,أسئلة شائعة:  كيف يمكنني استبدال البطاقة الخاصة بي المربوطة على محفظة الأهلي الفون كاش بسبب فقدانها او تلفها؟,
ar,systemFlowName_ANS.FAQs.alAhlyPhoneCash.replac.card.number.link.wallet.upon.replac.due.loss.damag,أسئلة شائعة:  كيف يمكنني استبدال البطاقة الخاصة بي المربوطة على محفظة الأهلي الفون كاش بسبب فقدانها او تلفها؟,
ar,systemFlowName_ANS.FAQs.alAhlyPhoneCash.close.wallet,أسئلة شائعة:  كيف يتم اغلاق المحفظة ؟,
ar,systemFlowName_ANS.FAQs.alAhlyPhoneCash.close.wallet,أسئلة شائعة:  كيف يتم اغلاق المحفظة ؟,
ar,systemFlowName_ANS.FAQs.pos.machin,أسئلة شائعة:  كيف يمكن التعاقد على ماكينات الفيزا,
ar,systemFlowName_ANS.FAQs.pos.machin,أسئلة شائعة:  كيف يمكن التعاقد على ماكينات الفيزا,
ar,systemFlowName_ANS.FAQs.pos.req.document,أسئلة شائعة:  ما هي الأوراق المطلوبة للتعاقد على ماكينات الفيزا,
ar,systemFlowName_ANS.FAQs.pos.req.document,أسئلة شائعة:  ما هي الأوراق المطلوبة للتعاقد على ماكينات الفيزا,
ar,systemFlowName_ANS.FAQs.pos.set.settlement.time,أسئلة شائعة:  ما هو الوقت المحدد لتسوية مبالغ على الماكينة,
ar,systemFlowName_ANS.FAQs.pos.set.settlement.time,أسئلة شائعة:  ما هو الوقت المحدد لتسوية مبالغ على الماكينة,
ar,systemFlowName_ANS.FAQs.pos.contract.procedur,أسئلة شائعة:  ما هي إجراءات التعاقد ,
ar,systemFlowName_ANS.FAQs.pos.contract.procedur,أسئلة شائعة:  ما هي إجراءات التعاقد ,
ar,systemFlowName_ANS.FAQs.pos.rental.fee.machin,أسئلة شائعة:  هل يوجد قيمة إجارية للماكينة ,
ar,systemFlowName_ANS.FAQs.pos.rental.fee.machin,أسئلة شائعة:  هل يوجد قيمة إجارية للماكينة ,
ar,systemFlowName_ANS.FAQs.pos.commiss.deduct.sale.transact,أسئلة شائعة:  ما هي نسبه العمولة المخصومة على حركات البيع,
ar,systemFlowName_ANS.FAQs.pos.commiss.deduct.sale.transact,أسئلة شائعة:  ما هي نسبه العمولة المخصومة على حركات البيع,
ar,systemFlowName_ANS.FAQs.pos.custom.charg.commiss,أسئلة شائعة:  هل يجوز إضافة عمولة الماكينة على العميل ,
ar,systemFlowName_ANS.FAQs.pos.custom.charg.commiss,أسئلة شائعة:  هل يجوز إضافة عمولة الماكينة على العميل ,
ar,systemFlowName_ANS.FAQs.pos.transact.review,أسئلة شائعة:  كيفة مراجعة حركات البيع ,
ar,systemFlowName_ANS.FAQs.pos.transact.review,أسئلة شائعة:  كيفة مراجعة حركات البيع ,
ar,systemFlowName_ANS.FAQs.pos.advantag.machin,أسئلة شائعة:  ما هي المميزات الأخرى للماكينة,
ar,systemFlowName_ANS.FAQs.pos.advantag.machin,أسئلة شائعة:  ما هي المميزات الأخرى للماكينة,
ar,systemFlowName_ANS.FAQs.pos.machin.link.ret.acc,أسئلة شائعة:  هل يمكن ربط الماكينة بحساب أفراد ,
ar,systemFlowName_ANS.FAQs.pos.machin.link.ret.acc,أسئلة شائعة:  هل يمكن ربط الماكينة بحساب أفراد ,
ar,systemFlowName_ANS.FAQs.pos.long.contract.procedur,أسئلة شائعة:  ما هو زمن اتام عملية التعاقد,
ar,systemFlowName_ANS.FAQs.pos.long.contract.procedur,أسئلة شائعة:  ما هو زمن اتام عملية التعاقد,
ar,systemFlowName_ANS.FAQs.pos.card.accept.machin,أسئلة شائعة:  ما هي انواع الكروت التي تعمل على الماكينة ,
ar,systemFlowName_ANS.FAQs.pos.card.accept.machin,أسئلة شائعة:  ما هي انواع الكروت التي تعمل على الماكينة ,
ar,systemFlowName_ANS.FAQs.pos.period.req.mainten,أسئلة شائعة:  ما هو الوقت المحدد لصيانة الماكينات ,
ar,systemFlowName_ANS.FAQs.pos.period.req.mainten,أسئلة شائعة:  ما هو الوقت المحدد لصيانة الماكينات ,
ar,systemFlowName_ANS.FAQs.alAhlyNet.nbe.mobile.ret.chang.user.id,أسئلة شائعة:  هل يمكنني تغيير كود المستخدم الخاص بي؟,
ar,systemFlowName_ANS.FAQs.alAhlyNet.nbe.mobile.ret.chang.user.id,أسئلة شائعة:  هل يمكنني تغيير كود المستخدم الخاص بي؟,
ar,systemFlowName_ANS.FAQs.alAhlyNet.nbe.mobile.ret.password.us,أسئلة شائعة:  كيف يمكنني الحصول على كلمة المرور لخدمة الأهلي نت/ الأهلي موبايل؟ ,
ar,systemFlowName_ANS.FAQs.alAhlyNet.nbe.mobile.ret.password.us,أسئلة شائعة:  كيف يمكنني الحصول على كلمة المرور لخدمة الأهلي نت/ الأهلي موبايل؟ ,
ar,systemFlowName_ANS.FAQs.alAhlyNet.nbe.mobile.ret.when.us,أسئلة شائعة:  متي يمكنني استخدام خدمة الأهلي نت؟,
ar,systemFlowName_ANS.FAQs.alAhlyNet.nbe.mobile.ret.when.us,أسئلة شائعة:  متي يمكنني استخدام خدمة الأهلي نت؟,
ar,systemFlowName_ANS.FAQs.alAhlyNet.nbe.mobile.ret.login.first.time.app,أسئلة شائعة:  هل يمكنني الدخول لأول مرة من خلال تطبيق الموبيل البنكي؟,
ar,systemFlowName_ANS.FAQs.alAhlyNet.nbe.mobile.ret.login.first.time.app,أسئلة شائعة:  هل يمكنني الدخول لأول مرة من خلال تطبيق الموبيل البنكي؟,
ar,systemFlowName_ANS.FAQs.alAhlyNet.nbe.mobile.ret.login.password”.chang,"أسئلة شائعة:  هل يمكنني تغيير كلمة مرور تسجيل الدخول "" Login Password""؟",
ar,systemFlowName_ANS.FAQs.alAhlyNet.nbe.mobile.ret.login.password”.chang,"أسئلة شائعة:  هل يمكنني تغيير كلمة مرور تسجيل الدخول "" Login Password""؟",
ar,systemFlowName_ANS.FAQs.alAhlyNet.nbe.mobile.ret.happen.incorrect.login.password.enter,"أسئلة شائعة:  ماذا يحدث إذا تم ادخال كلمة مرور تسجيل الدخول "" Login Password"" بطريقة غير صحيحة؟",
ar,systemFlowName_ANS.FAQs.alAhlyNet.nbe.mobile.ret.happen.incorrect.login.password.enter,"أسئلة شائعة:  ماذا يحدث إذا تم ادخال كلمة مرور تسجيل الدخول "" Login Password"" بطريقة غير صحيحة؟",
ar,systemFlowName_ANS.FAQs.alAhlyNet.nbe.mobile.ret.web.browser.us.access,أسئلة شائعة:  أي من خدمات المتصفح يمكن استخدامها؟,
ar,systemFlowName_ANS.FAQs.alAhlyNet.nbe.mobile.ret.web.browser.us.access,أسئلة شائعة:  أي من خدمات المتصفح يمكن استخدامها؟,
ar,systemFlowName_ANS.FAQs.alAhlyNet.nbe.mobile.ret.soft.token.app.avail.ret.corp.custom,أسئلة شائعة:  هل خدمة تطبيق رموز الأمان متاحة للأفراد والشركات؟,
ar,systemFlowName_ANS.FAQs.alAhlyNet.nbe.mobile.ret.soft.token.app.avail.ret.corp.custom,أسئلة شائعة:  هل خدمة تطبيق رموز الأمان متاحة للأفراد والشركات؟,
ar,systemFlowName_ANS.FAQs.alAhlyNet.nbe.mobile.ret.soft.token.us.make.transfer.carri.transact,أسئلة شائعة:  كيف يمكنني تفعيل تطبيق رموز الأمان لتنفيذ التحويلات والمعاملات المالية؟,
ar,systemFlowName_ANS.FAQs.alAhlyNet.nbe.mobile.ret.soft.token.us.make.transfer.carri.transact,أسئلة شائعة:  كيف يمكنني تفعيل تطبيق رموز الأمان لتنفيذ التحويلات والمعاملات المالية؟,
ar,systemFlowName_ANS.FAQs.alAhlyNet.nbe.mobile.ret.soft.token.app.hard.us.togeth.creat.otp,أسئلة شائعة:  هل يمكنني استخدام تطبيق رموز الأمان وجهاز رموز الأمان معا لأنشاء الرقم السري المتغير ؟,
ar,systemFlowName_ANS.FAQs.alAhlyNet.nbe.mobile.ret.soft.token.app.hard.us.togeth.creat.otp,أسئلة شائعة:  هل يمكنني استخدام تطبيق رموز الأمان وجهاز رموز الأمان معا لأنشاء الرقم السري المتغير ؟,
ar,systemFlowName_ANS.FAQs.alAhlyNet.nbe.mobile.ret.fingerprint.activ.soft.token.app,أسئلة شائعة:  هل يمكن تفعيل استخدام معرف البصمة على تطبيق رموز الأمان؟,
ar,systemFlowName_ANS.FAQs.alAhlyNet.nbe.mobile.ret.fingerprint.activ.soft.token.app,أسئلة شائعة:  هل يمكن تفعيل استخدام معرف البصمة على تطبيق رموز الأمان؟,
ar,systemFlowName_ANS.FAQs.alAhlyNet.nbe.mobile.ret.hard.token.avail.ret.corp.custom,أسئلة شائعة:  هل خدمة جهاز رموز الأمان متاحة للأفراد والشركات؟,
ar,systemFlowName_ANS.FAQs.alAhlyNet.nbe.mobile.ret.hard.token.avail.ret.corp.custom,أسئلة شائعة:  هل خدمة جهاز رموز الأمان متاحة للأفراد والشركات؟,
ar,systemFlowName_ANS.FAQs.alAhlyNet.nbe.mobile.ret.hard.token.obtain,أسئلة شائعة:  كيف يتم الحصول على جهاز رموز الأمان على خدمة الأهلي نت/ الأهلي موبايل؟,
ar,systemFlowName_ANS.FAQs.alAhlyNet.nbe.mobile.ret.hard.token.obtain,أسئلة شائعة:  كيف يتم الحصول على جهاز رموز الأمان على خدمة الأهلي نت/ الأهلي موبايل؟,
ar,systemFlowName_ANS.FAQs.alAhlyNet.nbe.mobile.ret.pin.code.assign.hard.token,أسئلة شائعة:  كيف يتم تعيين رقم سري PIN لجهاز رموز الأمان على خدمة الأهلي نت/ الأهلي موبايلي؟,
ar,systemFlowName_ANS.FAQs.alAhlyNet.nbe.mobile.ret.pin.code.assign.hard.token,أسئلة شائعة:  كيف يتم تعيين رقم سري PIN لجهاز رموز الأمان على خدمة الأهلي نت/ الأهلي موبايلي؟,
ar,systemFlowName_ANS.FAQs.alAhlyNet.nbe.mobile.ret.on.time.password.otp.creat.hard.token,أسئلة شائعة:  كيف يتم انشاء الرقم السري المتغير OTP من خلال جهاز رموز الأمان؟,
ar,systemFlowName_ANS.FAQs.alAhlyNet.nbe.mobile.ret.on.time.password.otp.creat.hard.token,أسئلة شائعة:  كيف يتم انشاء الرقم السري المتغير OTP من خلال جهاز رموز الأمان؟,
ar,systemFlowName_ANS.FAQs.alAhlyNet.nbe.mobile.ret.action.avail.hard.token,أسئلة شائعة:  ما هي الخدمات المتاحة لجهاز رموز الأمان؟,
ar,systemFlowName_ANS.FAQs.alAhlyNet.nbe.mobile.ret.action.avail.hard.token,أسئلة شائعة:  ما هي الخدمات المتاحة لجهاز رموز الأمان؟,
ar,systemFlowName_ANS.FAQs.alAhlyNet.nbe.mobile.ret.hard.token.us,أسئلة شائعة:  هل يمكن استخدام خدمات جهاز رموز الأمان من خلال الأهلي نت/ الأهلي موبايل؟,
ar,systemFlowName_ANS.FAQs.alAhlyNet.nbe.mobile.ret.hard.token.us,أسئلة شائعة:  هل يمكن استخدام خدمات جهاز رموز الأمان من خلال الأهلي نت/ الأهلي موبايل؟,
ar,systemFlowName_ANS.FAQs.alAhlyNet.nbe.mobile.ret.track.financi.transact.carri.acc,أسئلة شائعة:  كيف يمكنني متابعة المعاملات المالية للحسابات؟,
ar,systemFlowName_ANS.FAQs.alAhlyNet.nbe.mobile.ret.track.financi.transact.carri.acc,أسئلة شائعة:  كيف يمكنني متابعة المعاملات المالية للحسابات؟,
ar,systemFlowName_ANS.FAQs.alAhlyNet.nbe.mobile.ret.financi.transact.print,أسئلة شائعة:  هل يمكنني طباعة المعاملات المالية للحسابات؟,
ar,systemFlowName_ANS.FAQs.alAhlyNet.nbe.mobile.ret.financi.transact.print,أسئلة شائعة:  هل يمكنني طباعة المعاملات المالية للحسابات؟,
ar,systemFlowName_ANS.FAQs.alAhlyNet.nbe.mobile.ret.debit.credit.transact.view.separ,أسئلة شائعة:  هل يمكن عرض نشاط الحساب للمعاملات المدينة فقط او الدائنة فقط؟,
ar,systemFlowName_ANS.FAQs.alAhlyNet.nbe.mobile.ret.debit.credit.transact.view.separ,أسئلة شائعة:  هل يمكن عرض نشاط الحساب للمعاملات المدينة فقط او الدائنة فقط؟,
ar,systemFlowName_ANS.FAQs.alAhlyNet.nbe.mobile.ret.detail.chequ.inquir,أسئلة شائعة:  هل يمكنني الاستعلام عن   تفاصيل الشيكات ؟,
ar,systemFlowName_ANS.FAQs.alAhlyNet.nbe.mobile.ret.detail.chequ.inquir,أسئلة شائعة:  هل يمكنني الاستعلام عن   تفاصيل الشيكات ؟,
ar,systemFlowName_ANS.FAQs.alAhlyNet.nbe.mobile.ret.detail.settl.chequ.obtain,أسئلة شائعة:  كيف يمكنني الحصول على تفاصيل الشيكات المدفوعة؟,
ar,systemFlowName_ANS.FAQs.alAhlyNet.nbe.mobile.ret.detail.settl.chequ.obtain,أسئلة شائعة:  كيف يمكنني الحصول على تفاصيل الشيكات المدفوعة؟,
ar,systemFlowName_ANS.FAQs.alAhlyNet.nbe.mobile.ret.statu.chequ.collect.view,أسئلة شائعة:  هل يمكنني معرفة حالة الشيكات تحت التحصيل؟,
ar,systemFlowName_ANS.FAQs.alAhlyNet.nbe.mobile.ret.statu.chequ.collect.view,أسئلة شائعة:  هل يمكنني معرفة حالة الشيكات تحت التحصيل؟,
ar,systemFlowName_ANS.FAQs.alAhlyNet.nbe.mobile.ret.track.expens,أسئلة شائعة:  كيف يمكنني متابعة مصروفاتي من خلال خدمة الأهلي نت/ الأهلي موبايلي؟,
ar,systemFlowName_ANS.FAQs.alAhlyNet.nbe.mobile.ret.track.expens,أسئلة شائعة:  كيف يمكنني متابعة مصروفاتي من خلال خدمة الأهلي نت/ الأهلي موبايلي؟,
ar,systemFlowName_ANS.FAQs.alAhlyNet.nbe.mobile.ret.creat.budget,أسئلة شائعة:  هل يمكنني عمل ميزانية من خلال خدمة الأهلي نت/ الأهلي موبايل؟,
ar,systemFlowName_ANS.FAQs.alAhlyNet.nbe.mobile.ret.creat.budget,أسئلة شائعة:  هل يمكنني عمل ميزانية من خلال خدمة الأهلي نت/ الأهلي موبايل؟,
ar,systemFlowName_ANS.FAQs.alAhlyNet.nbe.mobile.ret.add.new.categori.classif.transact,أسئلة شائعة:  هل يمكنني إضافة فئات جديدة لتصنيف معاملاتي؟,
ar,systemFlowName_ANS.FAQs.alAhlyNet.nbe.mobile.ret.add.new.categori.classif.transact,أسئلة شائعة:  هل يمكنني إضافة فئات جديدة لتصنيف معاملاتي؟,
ar,systemFlowName_ANS.FAQs.alAhlyNet.nbe.mobile.ret.remov.categori.add.place,أسئلة شائعة:  هل يمكنني حذف فئات وإضافة فئات اخري بدلا منها؟,
ar,systemFlowName_ANS.FAQs.alAhlyNet.nbe.mobile.ret.remov.categori.add.place,أسئلة شائعة:  هل يمكنني حذف فئات وإضافة فئات اخري بدلا منها؟,
ar,systemFlowName_ANS.FAQs.alAhlyNet.nbe.mobile.ret.remov.modifi.ad.categori.bank,أسئلة شائعة:  هل يمكنني حذف / تعديل الفئات المضافة من خلال البنك؟,
ar,systemFlowName_ANS.FAQs.alAhlyNet.nbe.mobile.ret.remov.modifi.ad.categori.bank,أسئلة شائعة:  هل يمكنني حذف / تعديل الفئات المضافة من خلال البنك؟,
ar,systemFlowName_ANS.FAQs.alAhlyNet.nbe.mobile.ret.remov.categori.classifi.transact,أسئلة شائعة:  هل يمكنني حذف الفئة المصنفة للمعاملة؟ ,
ar,systemFlowName_ANS.FAQs.alAhlyNet.nbe.mobile.ret.remov.categori.classifi.transact,أسئلة شائعة:  هل يمكنني حذف الفئة المصنفة للمعاملة؟ ,
ar,systemFlowName_ANS.FAQs.alAhlyNet.nbe.mobile.ret.cancel.transact.classif.sub.transact,أسئلة شائعة:  هل يمكنني الغاء تقسيم المعاملة الي معاملات فرعية؟,
ar,systemFlowName_ANS.FAQs.alAhlyNet.nbe.mobile.ret.cancel.transact.classif.sub.transact,أسئلة شائعة:  هل يمكنني الغاء تقسيم المعاملة الي معاملات فرعية؟,
ar,systemFlowName_ANS.FAQs.alAhlyNet.nbe.mobile.ret.type.cert.deposit.differ.currenc.view,أسئلة شائعة:  هل يمكنني عرض جميع انواع الودائع والشهادات بالعملات المختلفة؟,
ar,systemFlowName_ANS.FAQs.alAhlyNet.nbe.mobile.ret.type.cert.deposit.differ.currenc.view,أسئلة شائعة:  هل يمكنني عرض جميع انواع الودائع والشهادات بالعملات المختلفة؟,
ar,systemFlowName_ANS.FAQs.alAhlyNet.nbe.mobile.ret.detail.cert.deposit.view,أسئلة شائعة:  كيف يمكنني الحصول على معلومات تفصيلية عن حسابات الودائع او الشهادات؟,
ar,systemFlowName_ANS.FAQs.alAhlyNet.nbe.mobile.ret.detail.cert.deposit.view,أسئلة شائعة:  كيف يمكنني الحصول على معلومات تفصيلية عن حسابات الودائع او الشهادات؟,
ar,systemFlowName_ANS.FAQs.alAhlyNet.nbe.mobile.ret.detail.cert.deposit.view,أسئلة شائعة:  ما هي التفاصيل الخاصة بالودائع او الشهادات التي يمكنني الحصول عليها؟,
ar,systemFlowName_ANS.FAQs.alAhlyNet.nbe.mobile.ret.detail.cert.deposit.view,أسئلة شائعة:  ما هي التفاصيل الخاصة بالودائع او الشهادات التي يمكنني الحصول عليها؟,
ar,systemFlowName_ANS.FAQs.alAhlyNet.nbe.mobile.ret.cert.deposit.open,أسئلة شائعة:  هل يمكنني شراء شهادة او ربط وديعة من خلال الخدمة؟,
ar,systemFlowName_ANS.FAQs.alAhlyNet.nbe.mobile.ret.cert.deposit.open,أسئلة شائعة:  هل يمكنني شراء شهادة او ربط وديعة من خلال الخدمة؟,
ar,systemFlowName_ANS.FAQs.alAhlyNet.nbe.mobile.ret.cert.deposit.redeem,أسئلة شائعة:  هل يمكنني استرداد شهادة او كسر وديعة من خلال الخدمة؟,
ar,systemFlowName_ANS.FAQs.alAhlyNet.nbe.mobile.ret.cert.deposit.redeem,أسئلة شائعة:  هل يمكنني استرداد شهادة او كسر وديعة من خلال الخدمة؟,
ar,systemFlowName_ANS.FAQs.alAhlyNet.nbe.mobile.ret.avail.option.amend.cert.deposit,أسئلة شائعة:  ماهي الخيارات المتاحة للتعديل عليها بالنسبة للشهادات والودائع؟,
ar,systemFlowName_ANS.FAQs.alAhlyNet.nbe.mobile.ret.avail.option.amend.cert.deposit,أسئلة شائعة:  ماهي الخيارات المتاحة للتعديل عليها بالنسبة للشهادات والودائع؟,
ar,systemFlowName_ANS.FAQs.alAhlyNet.nbe.mobile.ret.long.process.request.open.redeem.amend.cert.deposit,أسئلة شائعة:  كم يستغرق تنفيذ طلب شراء / تعديل / استرداد شهادة او ربط / كسر وديعة من خلال خدمة الاهلي نت؟,
ar,systemFlowName_ANS.FAQs.alAhlyNet.nbe.mobile.ret.long.process.request.open.redeem.amend.cert.deposit,أسئلة شائعة:  كم يستغرق تنفيذ طلب شراء / تعديل / استرداد شهادة او ربط / كسر وديعة من خلال خدمة الاهلي نت؟,
ar,systemFlowName_ANS.FAQs.alAhlyNet.nbe.mobile.ret.multipl.transfer,أسئلة شائعة:  ما هي خدمة التحويلات المتعددة؟,
ar,systemFlowName_ANS.FAQs.alAhlyNet.nbe.mobile.ret.multipl.transfer,أسئلة شائعة:  ما هي خدمة التحويلات المتعددة؟,
ar,systemFlowName_ANS.FAQs.alAhlyNet.nbe.mobile.ret.bill.payment.recharg.enabl,أسئلة شائعة:  هل يمكن سداد الفواتير وشحن الهاتف؟,
ar,systemFlowName_ANS.FAQs.alAhlyNet.nbe.mobile.ret.bill.payment.recharg.enabl,أسئلة شائعة:  هل يمكن سداد الفواتير وشحن الهاتف؟,
ar,systemFlowName_ANS.FAQs.alAhlyNet.nbe.mobile.ret.transfer.fund.across.acc,أسئلة شائعة:  هل يمكنني التحويل بين حساباتي؟,
ar,systemFlowName_ANS.FAQs.alAhlyNet.nbe.mobile.ret.transfer.fund.across.acc,أسئلة شائعة:  هل يمكنني التحويل بين حساباتي؟,
ar,systemFlowName_ANS.FAQs.alAhlyNet.nbe.mobile.ret.transfer.fund.acc.bank.insid.egypt,أسئلة شائعة:  هل يمكن التحويل لحسابات في بنوك اخرى داخل مصر؟,
ar,systemFlowName_ANS.FAQs.alAhlyNet.nbe.mobile.ret.transfer.fund.acc.bank.insid.egypt,أسئلة شائعة:  هل يمكن التحويل لحسابات في بنوك اخرى داخل مصر؟,
ar,systemFlowName_ANS.FAQs.alAhlyNet.nbe.mobile.ret.currenc.enabl,أسئلة شائعة:  ما هي العملات المسموح بالتعامل بها من خلال خدمة الاهلي نت؟,
ar,systemFlowName_ANS.FAQs.alAhlyNet.nbe.mobile.ret.currenc.enabl,أسئلة شائعة:  ما هي العملات المسموح بالتعامل بها من خلال خدمة الاهلي نت؟,
ar,systemFlowName_ANS.FAQs.alAhlyNet.nbe.mobile.ret.transfer.made.acc.insid.outsid,أسئلة شائعة:  هل يمكن اجراء تحويلات لحسابات اخري داخل او خارج البنك الأهلي؟,
ar,systemFlowName_ANS.FAQs.alAhlyNet.nbe.mobile.ret.transfer.made.acc.insid.outsid,أسئلة شائعة:  هل يمكن اجراء تحويلات لحسابات اخري داخل او خارج البنك الأهلي؟,
ar,systemFlowName_ANS.FAQs.alAhlyNet.nbe.mobile.ret.donat.made,أسئلة شائعة:  هل يمكن اجراء تبرعات؟,
ar,systemFlowName_ANS.FAQs.alAhlyNet.nbe.mobile.ret.donat.made,أسئلة شائعة:  هل يمكن اجراء تبرعات؟,
ar,systemFlowName_ANS.FAQs.alAhlyNet.nbe.mobile.ret.transact.inquir,أسئلة شائعة:  هل يمكن الاستعلام عن المعاملات المالية؟,
ar,systemFlowName_ANS.FAQs.alAhlyNet.nbe.mobile.ret.transact.inquir,أسئلة شائعة:  هل يمكن الاستعلام عن المعاملات المالية؟,
ar,systemFlowName_ANS.FAQs.alAhlyNet.nbe.mobile.ret.monei.transfer.e.wallet.bank,أسئلة شائعة:  هل يمكنني التحويل الي محفظة الكترونية ببنك آخر؟,
ar,systemFlowName_ANS.FAQs.alAhlyNet.nbe.mobile.ret.monei.transfer.e.wallet.bank,أسئلة شائعة:  هل يمكنني التحويل الي محفظة الكترونية ببنك آخر؟,
ar,systemFlowName_ANS.FAQs.alAhlyNet.nbe.mobile.ret.type.loan.displai,أسئلة شائعة:  هل من الممكن عرض جميع انواع القروض؟,
ar,systemFlowName_ANS.FAQs.alAhlyNet.nbe.mobile.ret.type.loan.displai,أسئلة شائعة:  هل من الممكن عرض جميع انواع القروض؟,
ar,systemFlowName_ANS.FAQs.alAhlyNet.nbe.mobile.ret.detail.loan.acc.view,أسئلة شائعة:  كيف يمكنني الحصول على معلومات تفصيلية عن حسابات القروض؟,
ar,systemFlowName_ANS.FAQs.alAhlyNet.nbe.mobile.ret.detail.loan.acc.view,أسئلة شائعة:  كيف يمكنني الحصول على معلومات تفصيلية عن حسابات القروض؟,
ar,systemFlowName_ANS.FAQs.alAhlyNet.nbe.mobile.ret.detail.loan.view,أسئلة شائعة:  ما هي التفاصيل الخاصة بالقروض التي يمكنني الحصول عليها؟,
ar,systemFlowName_ANS.FAQs.alAhlyNet.nbe.mobile.ret.detail.loan.view,أسئلة شائعة:  ما هي التفاصيل الخاصة بالقروض التي يمكنني الحصول عليها؟,
ar,systemFlowName_ANS.FAQs.alAhlyNet.nbe.mobile.ret.view.statement.loan.acc,أسئلة شائعة:  كيف يمكنني عرض كشف حسابات القروض؟,
ar,systemFlowName_ANS.FAQs.alAhlyNet.nbe.mobile.ret.view.statement.loan.acc,أسئلة شائعة:  كيف يمكنني عرض كشف حسابات القروض؟,
ar,systemFlowName_ANS.FAQs.alAhlyNet.nbe.mobile.ret.print.statement.loan.acc,أسئلة شائعة:  كيف يمكنني طباعة كشف حساب القرض؟,
ar,systemFlowName_ANS.FAQs.alAhlyNet.nbe.mobile.ret.print.statement.loan.acc,أسئلة شائعة:  كيف يمكنني طباعة كشف حساب القرض؟,
ar,systemFlowName_ANS.FAQs.alAhlyNet.nbe.mobile.ret.system.remind.payment.instal,أسئلة شائعة:  هل يمكن للنظام تذكيري بأي مدفوعات او اقساط لدى؟,
ar,systemFlowName_ANS.FAQs.alAhlyNet.nbe.mobile.ret.system.remind.payment.instal,أسئلة شائعة:  هل يمكن للنظام تذكيري بأي مدفوعات او اقساط لدى؟,
ar,systemFlowName_ANS.FAQs.alAhlyNet.nbe.mobile.ret.detail.differ.type.mutual.fund.view,أسئلة شائعة:  هل يمكنني عرض تفاصيل صناديق الاستثمار المختلفة؟,
ar,systemFlowName_ANS.FAQs.alAhlyNet.nbe.mobile.ret.detail.differ.type.mutual.fund.view,أسئلة شائعة:  هل يمكنني عرض تفاصيل صناديق الاستثمار المختلفة؟,
ar,systemFlowName_ANS.FAQs.alAhlyNet.nbe.mobile.ret.not.mutual.fund.acc.account.creat,أسئلة شائعة:  لا يوجد لدى حساب صناديق استثمار ، كيف يمكن انشاء الحساب ؟,
ar,systemFlowName_ANS.FAQs.alAhlyNet.nbe.mobile.ret.not.mutual.fund.acc.account.creat,أسئلة شائعة:  لا يوجد لدى حساب صناديق استثمار ، كيف يمكن انشاء الحساب ؟,
ar,systemFlowName_ANS.FAQs.alAhlyNet.nbe.mobile.ret.primari.acc.assign.upon.open.invest.account,أسئلة شائعة:  ما هو الحساب الأساسي الذي يتم تعيينه عند فتح الحساب الاستثماري؟ ,
ar,systemFlowName_ANS.FAQs.alAhlyNet.nbe.mobile.ret.primari.acc.assign.upon.open.invest.account,أسئلة شائعة:  ما هو الحساب الأساسي الذي يتم تعيينه عند فتح الحساب الاستثماري؟ ,
ar,systemFlowName_ANS.FAQs.alAhlyNet.nbe.mobile.ret.detail.mutual.fund.view,أسئلة شائعة:  ما هي تفاصيل صناديق الاستثمار التي أستطيع الحصول عليها؟,
ar,systemFlowName_ANS.FAQs.alAhlyNet.nbe.mobile.ret.detail.mutual.fund.view,أسئلة شائعة:  ما هي تفاصيل صناديق الاستثمار التي أستطيع الحصول عليها؟,
ar,systemFlowName_ANS.FAQs.alAhlyNet.nbe.mobile.ret.view.detail.credit.card,أسئلة شائعة:  هل يمكنني الاطلاع علي بطاقات ائتمان البنك الأهلي المصري عن طريق الأهلي نت؟,
ar,systemFlowName_ANS.FAQs.alAhlyNet.nbe.mobile.ret.view.detail.credit.card,أسئلة شائعة:  هل يمكنني الاطلاع علي بطاقات ائتمان البنك الأهلي المصري عن طريق الأهلي نت؟,
ar,systemFlowName_ANS.FAQs.alAhlyNet.nbe.mobile.ret.credit.card.due.payment,أسئلة شائعة:  هل يمكنني سداد مستحقات بطاقات الائتمان؟,
ar,systemFlowName_ANS.FAQs.alAhlyNet.nbe.mobile.ret.credit.card.due.payment,أسئلة شائعة:  هل يمكنني سداد مستحقات بطاقات الائتمان؟,
ar,systemFlowName_ANS.FAQs.alAhlyNet.nbe.mobile.ret.debit.card.avail,أسئلة شائعة:  ما هي الخدمات المتاحة لبطاقة الخصم المباشر من خلال خدمات الأهلي نت/ الأهلي موبايل؟,
ar,systemFlowName_ANS.FAQs.alAhlyNet.nbe.mobile.ret.debit.card.avail,أسئلة شائعة:  ما هي الخدمات المتاحة لبطاقة الخصم المباشر من خلال خدمات الأهلي نت/ الأهلي موبايل؟,
ar,systemFlowName_ANS.FAQs.alAhlyNet.nbe.mobile.ret.debit.card.avail.origin.supplementari.card,أسئلة شائعة:  هل يتم استخدام خدمات بطاقات الخصم المباشر للبطاقة الأصلية والاضافية؟,
ar,systemFlowName_ANS.FAQs.alAhlyNet.nbe.mobile.ret.debit.card.avail.origin.supplementari.card,أسئلة شائعة:  هل يتم استخدام خدمات بطاقات الخصم المباشر للبطاقة الأصلية والاضافية؟,
ar,systemFlowName_ANS.FAQs.alAhlyNet.nbe.mobile.ret.differ.detail.prepaid.card.view,أسئلة شائعة:  هل يمكنني عرض التفاصيل المختلفة للبطاقات المدفوعة مقدما ؟,
ar,systemFlowName_ANS.FAQs.alAhlyNet.nbe.mobile.ret.differ.detail.prepaid.card.view,أسئلة شائعة:  هل يمكنني عرض التفاصيل المختلفة للبطاقات المدفوعة مقدما ؟,
ar,systemFlowName_ANS.FAQs.alAhlyNet.nbe.mobile.ret.avail.prepaid.card,أسئلة شائعة:  ما هي الخدمات التي يمكننى الحصول عليها للبطاقات المدفوعة مقدما؟,
ar,systemFlowName_ANS.FAQs.alAhlyNet.nbe.mobile.ret.avail.prepaid.card,أسئلة شائعة:  ما هي الخدمات التي يمكننى الحصول عليها للبطاقات المدفوعة مقدما؟,
ar,systemFlowName_ANS.FAQs.alAhlyNet.nbe.mobile.ret.appli.product,أسئلة شائعة:  هل يمكنني تقديم طلب للحصول على منتجات البنك الأهلي المصرى؟,
ar,systemFlowName_ANS.FAQs.alAhlyNet.nbe.mobile.ret.appli.product,أسئلة شائعة:  هل يمكنني تقديم طلب للحصول على منتجات البنك الأهلي المصرى؟,
ar,systemFlowName_ANS.FAQs.alAhlyNet.nbe.mobile.ret.track.statu.submit.loan.app,أسئلة شائعة:  كيف يمكن متابعه حالة طلب القرض الذي تم تقديمة؟ ,
ar,systemFlowName_ANS.FAQs.alAhlyNet.nbe.mobile.ret.track.statu.submit.loan.app,أسئلة شائعة:  كيف يمكن متابعه حالة طلب القرض الذي تم تقديمة؟ ,
ar,systemFlowName_ANS.FAQs.alAhlyNet.nbe.mobile.ret.amend.person.info,أسئلة شائعة:  هل يمكنني تعديل البيانات الشخصية من خلال الأهلي نت/ الأهلي موبايل؟,
ar,systemFlowName_ANS.FAQs.alAhlyNet.nbe.mobile.ret.amend.person.info,أسئلة شائعة:  هل يمكنني تعديل البيانات الشخصية من خلال الأهلي نت/ الأهلي موبايل؟,
ar,systemFlowName_ANS.FAQs.alAhlyNet.nbe.mobile.ret.stand.instruct.enabl.make.transfer.outsid.custom.acc,أسئلة شائعة:  هل تتيح خدمة التعليمات المستديمة للتحويل خارج حسابات العميل؟,
ar,systemFlowName_ANS.FAQs.alAhlyNet.nbe.mobile.ret.stand.instruct.enabl.make.transfer.outsid.custom.acc,أسئلة شائعة:  هل تتيح خدمة التعليمات المستديمة للتحويل خارج حسابات العميل؟,
ar,systemFlowName_ANS.FAQs.alAhlyNet.nbe.mobile.ret.stand.instruct.modifi.stop,أسئلة شائعة:  هل يمكنني التعديل او إيقاف التعليمات المستديمة التي تم انشاءها؟,
ar,systemFlowName_ANS.FAQs.alAhlyNet.nbe.mobile.ret.stand.instruct.modifi.stop,أسئلة شائعة:  هل يمكنني التعديل او إيقاف التعليمات المستديمة التي تم انشاءها؟,
ar,systemFlowName_ANS.FAQs.alAhlyNet.nbe.mobile.ret.detail.execut.stand.instruct.view,أسئلة شائعة:  هل يمكنني الاطلاع على تفاصيل التعليمات المستديمة المنفذة ؟,
ar,systemFlowName_ANS.FAQs.alAhlyNet.nbe.mobile.ret.detail.execut.stand.instruct.view,أسئلة شائعة:  هل يمكنني الاطلاع على تفاصيل التعليمات المستديمة المنفذة ؟,
ar,systemFlowName_ANS.FAQs.alAhlyNet.nbe.mobile.ret.primari.acc.select.carri.financi.transact,أسئلة شائعة:  هل يمكنني ضبط حساب اساسي لأجراء المعاملات المالية منه؟,
ar,systemFlowName_ANS.FAQs.alAhlyNet.nbe.mobile.ret.primari.acc.select.carri.financi.transact,أسئلة شائعة:  هل يمكنني ضبط حساب اساسي لأجراء المعاملات المالية منه؟,
ar,systemFlowName_ANS.FAQs.alAhlyNet.nbe.mobile.ret.open.acc,أسئلة شائعة:  هل يمكنني فتح حساب عن طريق خدمة الاهلي نت والموبيل البنكي؟,
ar,systemFlowName_ANS.FAQs.alAhlyNet.nbe.mobile.ret.open.acc,أسئلة شائعة:  هل يمكنني فتح حساب عن طريق خدمة الاهلي نت والموبيل البنكي؟,
ar,systemFlowName_ANS.FAQs.alAhlyNet.nbe.mobile.ret.choos.branch.new.sub.acc,أسئلة شائعة:  هل يمكنني اختيار فرع الحساب الفرعي الجديد؟,
ar,systemFlowName_ANS.FAQs.alAhlyNet.nbe.mobile.ret.choos.branch.new.sub.acc,أسئلة شائعة:  هل يمكنني اختيار فرع الحساب الفرعي الجديد؟,
ar,systemFlowName_ANS.FAQs.alAhlyNet.nbe.mobile.ret.submit.score.credit.report.request,أسئلة شائعة:  هل يمكن تقديم طلب استعلام ائتماني I-Score من خلال الأهلي نت/ الأهلي موبايل؟,
ar,systemFlowName_ANS.FAQs.alAhlyNet.nbe.mobile.ret.submit.score.credit.report.request,أسئلة شائعة:  هل يمكن تقديم طلب استعلام ائتماني I-Score من خلال الأهلي نت/ الأهلي موبايل؟,
ar,systemFlowName_ANS.FAQs.alAhlyNet.nbe.mobile.corp.avail,أسئلة شائعة:   ما هي الخدمات المتاحة من خلال الاهلي نت والاهلي موبايل؟,
ar,systemFlowName_ANS.FAQs.alAhlyNet.nbe.mobile.corp.avail,أسئلة شائعة:   ما هي الخدمات المتاحة من خلال الاهلي نت والاهلي موبايل؟,
ar,systemFlowName_ANS.FAQs.alAhlyNet.nbe.mobile.corp.subscrib,أسئلة شائعة:   كيف يمكنني الاشتراك في خدمة الأهلي نت/ الأهلي موبايل؟,
ar,systemFlowName_ANS.FAQs.alAhlyNet.nbe.mobile.corp.subscrib,أسئلة شائعة:   كيف يمكنني الاشتراك في خدمة الأهلي نت/ الأهلي موبايل؟,
ar,systemFlowName_ANS.FAQs.alAhlyNet.nbe.mobile.corp.password.us,أسئلة شائعة:   كيف يمكنني الحصول على كلمة المرور لخدمة الأهلي نت/ الأهلي موبايل؟ ,
ar,systemFlowName_ANS.FAQs.alAhlyNet.nbe.mobile.corp.password.us,أسئلة شائعة:   كيف يمكنني الحصول على كلمة المرور لخدمة الأهلي نت/ الأهلي موبايل؟ ,
ar,systemFlowName_ANS.FAQs.alAhlyNet.nbe.mobile.corp.login.password”.chang,"أسئلة شائعة:   هل يمكنني تغيير كلمة المرور "" Login Password""؟",
ar,systemFlowName_ANS.FAQs.alAhlyNet.nbe.mobile.corp.login.password”.chang,"أسئلة شائعة:   هل يمكنني تغيير كلمة المرور "" Login Password""؟",
ar,systemFlowName_ANS.FAQs.alAhlyNet.nbe.mobile.corp.happen.incorrect.login.password.enter,أسئلة شائعة:   ماذا يحدث إذا تم ادخال كلمة المرور بطريقة غير صحيحة؟,
ar,systemFlowName_ANS.FAQs.alAhlyNet.nbe.mobile.corp.happen.incorrect.login.password.enter,أسئلة شائعة:   ماذا يحدث إذا تم ادخال كلمة المرور بطريقة غير صحيحة؟,
ar,systemFlowName_ANS.FAQs.alAhlyNet.nbe.mobile.corp.web.browser.us.access,أسئلة شائعة:   أي من انواع المتصفحات يمكن استخدامها؟,
ar,systemFlowName_ANS.FAQs.alAhlyNet.nbe.mobile.corp.web.browser.us.access,أسئلة شائعة:   أي من انواع المتصفحات يمكن استخدامها؟,
ar,systemFlowName_ANS.FAQs.alAhlyNet.nbe.mobile.corp.app.support.android.io.oper.system,أسئلة شائعة:   هل يدعم تطبيق الاهلي موبايل أنظمة اندرويد و IOS ؟ ,
ar,systemFlowName_ANS.FAQs.alAhlyNet.nbe.mobile.corp.app.support.android.io.oper.system,أسئلة شائعة:   هل يدعم تطبيق الاهلي موبايل أنظمة اندرويد و IOS ؟ ,
ar,systemFlowName_ANS.FAQs.alAhlyNet.nbe.mobile.corp.max.number.user.singl.corp.custom,أسئلة شائعة:   ما هو الحد الأقصى لعدد المستخدمين للشركة الواحدة؟,
ar,systemFlowName_ANS.FAQs.alAhlyNet.nbe.mobile.corp.max.number.user.singl.corp.custom,أسئلة شائعة:   ما هو الحد الأقصى لعدد المستخدمين للشركة الواحدة؟,
ar,systemFlowName_ANS.FAQs.alAhlyNet.nbe.mobile.corp.financi.transact.carri.maker.checker,أسئلة شائعة:   هل يمكن تنفيذ المعاملات المالية من خلال مُعد و مُراجع ؟,
ar,systemFlowName_ANS.FAQs.alAhlyNet.nbe.mobile.corp.financi.transact.carri.maker.checker,أسئلة شائعة:   هل يمكن تنفيذ المعاملات المالية من خلال مُعد و مُراجع ؟,
ar,systemFlowName_ANS.FAQs.alAhlyNet.nbe.mobile.corp.corp.custom.us.soft.token,أسئلة شائعة:   هل يمكن استخدام Soft Token  للشركات ؟,
ar,systemFlowName_ANS.FAQs.alAhlyNet.nbe.mobile.corp.corp.custom.us.soft.token,أسئلة شائعة:   هل يمكن استخدام Soft Token  للشركات ؟,
ar,systemFlowName_ANS.FAQs.alAhlyNet.nbe.mobile.corp.us.carri.financi.transact.corp.custom,أسئلة شائعة:   هل يمكن استخدم تطبيق الاهلي موبايل لإجراء المعاملات المالية للشركات؟,
ar,systemFlowName_ANS.FAQs.alAhlyNet.nbe.mobile.corp.us.carri.financi.transact.corp.custom,أسئلة شائعة:   هل يمكن استخدم تطبيق الاهلي موبايل لإجراء المعاملات المالية للشركات؟,
ar,systemFlowName_ANS.FAQs.alAhlyNet.nbe.mobile.corp.log.us.facial.recognit.fingerprint.avail.corp.custom,أسئلة شائعة:  هل تسجيل الدخول على خدمة الموبايل البنكي باستخدام معرف البصمة او معرف الوجه متاح للعملاء من الشركات؟,
ar,systemFlowName_ANS.FAQs.alAhlyNet.nbe.mobile.corp.log.us.facial.recognit.fingerprint.avail.corp.custom,أسئلة شائعة:  هل تسجيل الدخول على خدمة الموبايل البنكي باستخدام معرف البصمة او معرف الوجه متاح للعملاء من الشركات؟,
ar,systemFlowName_ANS.FAQs.alAhlyNet.nbe.mobile.corp.adjust.login.set.enabl.facial.recognit.fingerprint,أسئلة شائعة:  كيف يمكنني اعداد تسجيل الدخول على خدمة الموبيل البنكي باستخدام معرف البصمة / معرف الوجه؟,
ar,systemFlowName_ANS.FAQs.alAhlyNet.nbe.mobile.corp.adjust.login.set.enabl.facial.recognit.fingerprint,أسئلة شائعة:  كيف يمكنني اعداد تسجيل الدخول على خدمة الموبيل البنكي باستخدام معرف البصمة / معرف الوجه؟,
ar,systemFlowName_ANS.FAQs.alAhlyNet.nbe.mobile.corp.facial.recognit.fingerprint.us.togeth.log,أسئلة شائعة:  هل يمكنني استخدام بصمة الوجه / بصمة الاصبع معا للدخول على خدمة الموبايل البنكي؟,
ar,systemFlowName_ANS.FAQs.alAhlyNet.nbe.mobile.corp.facial.recognit.fingerprint.us.togeth.log,أسئلة شائعة:  هل يمكنني استخدام بصمة الوجه / بصمة الاصبع معا للدخول على خدمة الموبايل البنكي؟,
ar,systemFlowName_ANS.FAQs.alAhlyNet.nbe.mobile.corp.track.financi.transact.carri.acc,أسئلة شائعة:   كيف يمكنني متابعة المعاملات المالية للحسابات؟,
ar,systemFlowName_ANS.FAQs.alAhlyNet.nbe.mobile.corp.track.financi.transact.carri.acc,أسئلة شائعة:   كيف يمكنني متابعة المعاملات المالية للحسابات؟,
ar,systemFlowName_ANS.FAQs.alAhlyNet.nbe.mobile.corp.financi.transact.print,أسئلة شائعة:   هل يمكنني طباعة المعاملات المالية للحسابات؟,
ar,systemFlowName_ANS.FAQs.alAhlyNet.nbe.mobile.corp.financi.transact.print,أسئلة شائعة:   هل يمكنني طباعة المعاملات المالية للحسابات؟,
ar,systemFlowName_ANS.FAQs.alAhlyNet.nbe.mobile.corp.debit.credit.transact.view.separ,أسئلة شائعة:   هل يمكن عرض نشاط الحساب للمعاملات المدينة فقط او الدائنة فقط؟,
ar,systemFlowName_ANS.FAQs.alAhlyNet.nbe.mobile.corp.debit.credit.transact.view.separ,أسئلة شائعة:   هل يمكن عرض نشاط الحساب للمعاملات المدينة فقط او الدائنة فقط؟,
ar,systemFlowName_ANS.FAQs.alAhlyNet.nbe.mobile.corp.acc.detail.obtain,أسئلة شائعة:   كيف يمكنني الحصول على تفاصيل الحساب؟,
ar,systemFlowName_ANS.FAQs.alAhlyNet.nbe.mobile.corp.acc.detail.obtain,أسئلة شائعة:   كيف يمكنني الحصول على تفاصيل الحساب؟,
ar,systemFlowName_ANS.FAQs.alAhlyNet.nbe.mobile.corp.acc.detail.view,أسئلة شائعة:   ما هي تفاصيل الحساب التي يمكن الحصول عليها؟,
ar,systemFlowName_ANS.FAQs.alAhlyNet.nbe.mobile.corp.acc.detail.view,أسئلة شائعة:   ما هي تفاصيل الحساب التي يمكن الحصول عليها؟,
ar,systemFlowName_ANS.FAQs.alAhlyNet.nbe.mobile.corp.primari.acc.select.carri.financi.transact,أسئلة شائعة:   هل يمكنني ضبط حساب اساسي لأجراء المعاملات المالية منه؟,
ar,systemFlowName_ANS.FAQs.alAhlyNet.nbe.mobile.corp.primari.acc.select.carri.financi.transact,أسئلة شائعة:   هل يمكنني ضبط حساب اساسي لأجراء المعاملات المالية منه؟,
ar,systemFlowName_ANS.FAQs.alAhlyNet.nbe.mobile.corp.type.deposit.cert.differ.currenc.view,أسئلة شائعة:  هل يمكنني عرض جميع انواع الودائع والشهادات بالعملات المختلفة؟,
ar,systemFlowName_ANS.FAQs.alAhlyNet.nbe.mobile.corp.type.deposit.cert.differ.currenc.view,أسئلة شائعة:  هل يمكنني عرض جميع انواع الودائع والشهادات بالعملات المختلفة؟,
ar,systemFlowName_ANS.FAQs.alAhlyNet.nbe.mobile.corp.detail.cert.deposit.view,أسئلة شائعة:  كيف يمكنني الحصول على معلومات تفصيلية عن حسابات الودائع او الشهادات؟,
ar,systemFlowName_ANS.FAQs.alAhlyNet.nbe.mobile.corp.detail.cert.deposit.view,أسئلة شائعة:  كيف يمكنني الحصول على معلومات تفصيلية عن حسابات الودائع او الشهادات؟,
ar,systemFlowName_ANS.FAQs.alAhlyNet.nbe.mobile.corp.detail.cert.deposit.view,أسئلة شائعة:  ما هي التفاصيل الخاصة بالودائع او الشهادات التي يمكنني الحصول عليها؟,
ar,systemFlowName_ANS.FAQs.alAhlyNet.nbe.mobile.corp.detail.cert.deposit.view,أسئلة شائعة:  ما هي التفاصيل الخاصة بالودائع او الشهادات التي يمكنني الحصول عليها؟,
ar,systemFlowName_ANS.FAQs.alAhlyNet.nbe.mobile.corp.open.cert.deposit,أسئلة شائعة:   هل يمكنني شراء شهادة او ربط وديعة من خلال الخدمة؟,
ar,systemFlowName_ANS.FAQs.alAhlyNet.nbe.mobile.corp.open.cert.deposit,أسئلة شائعة:   هل يمكنني شراء شهادة او ربط وديعة من خلال الخدمة؟,
ar,systemFlowName_ANS.FAQs.alAhlyNet.nbe.mobile.corp.redeem.cert.deposit,أسئلة شائعة:  هل يمكنني استرداد شهادة او كسر وديعة من خلال الخدمة؟,
ar,systemFlowName_ANS.FAQs.alAhlyNet.nbe.mobile.corp.redeem.cert.deposit,أسئلة شائعة:  هل يمكنني استرداد شهادة او كسر وديعة من خلال الخدمة؟,
ar,systemFlowName_ANS.FAQs.alAhlyNet.al.ahly.mobile.corp.avail.option.amend.cert.deposit,أسئلة شائعة:  ماهي الخيارات المتاحة للتعديل عليها بالنسبة للشهادات والودائع؟,
ar,systemFlowName_ANS.FAQs.alAhlyNet.al.ahly.mobile.corp.avail.option.amend.cert.deposit,أسئلة شائعة:  ماهي الخيارات المتاحة للتعديل عليها بالنسبة للشهادات والودائع؟,
ar,systemFlowName_ANS.FAQs.alAhlyNet.nbe.mobile.corp.long.process.request.open.amend.redeem.cert.deposit,أسئلة شائعة:  كم يستغرق تنفيذ طلب شراء / تعديل / استرداد شهادة او ربط / كسر وديعة من خلال خدمة الاهلي نت؟,
ar,systemFlowName_ANS.FAQs.alAhlyNet.nbe.mobile.corp.long.process.request.open.amend.redeem.cert.deposit,أسئلة شائعة:  كم يستغرق تنفيذ طلب شراء / تعديل / استرداد شهادة او ربط / كسر وديعة من خلال خدمة الاهلي نت؟,
ar,systemFlowName_ANS.FAQs.alAhlyNet.nbe.mobile.corp.detail.differ.type.mutual.fund.view,أسئلة شائعة:   هل يمكنني عرض تفاصيل صناديق الاستثمار المختلفة؟,
ar,systemFlowName_ANS.FAQs.alAhlyNet.nbe.mobile.corp.detail.differ.type.mutual.fund.view,أسئلة شائعة:   هل يمكنني عرض تفاصيل صناديق الاستثمار المختلفة؟,
ar,systemFlowName_ANS.FAQs.alAhlyNet.nbe.mobile.corp.not.mutual.fund.acc.account.creat,أسئلة شائعة:   لا يوجد لدى حساب صناديق استثمار، كيف يمكن انشاء الحساب؟,
ar,systemFlowName_ANS.FAQs.alAhlyNet.nbe.mobile.corp.not.mutual.fund.acc.account.creat,أسئلة شائعة:   لا يوجد لدى حساب صناديق استثمار، كيف يمكن انشاء الحساب؟,
ar,systemFlowName_ANS.FAQs.alAhlyNet.nbe.mobile.corp.primari.acc.assign.upon.open.invest.account,أسئلة شائعة:   ما هو الحساب الأساسي الذي يتم تعيينه عند فتح الحساب الاستثماري؟ ,
ar,systemFlowName_ANS.FAQs.alAhlyNet.nbe.mobile.corp.primari.acc.assign.upon.open.invest.account,أسئلة شائعة:   ما هو الحساب الأساسي الذي يتم تعيينه عند فتح الحساب الاستثماري؟ ,
ar,systemFlowName_ANS.FAQs.alAhlyNet.nbe.mobile.corp.detail.mutual.fund.view,أسئلة شائعة:   ما هي تفاصيل صناديق الاستثمار التي أستطيع الحصول عليها؟,
ar,systemFlowName_ANS.FAQs.alAhlyNet.nbe.mobile.corp.detail.mutual.fund.view,أسئلة شائعة:   ما هي تفاصيل صناديق الاستثمار التي أستطيع الحصول عليها؟,
ar,systemFlowName_ANS.FAQs.alAhlyNet.nbe.mobile.corp.detail.settl.chequ.view,أسئلة شائعة:  هل يمكنني الاستعلام عن تفاصيل الشيكات ؟,
ar,systemFlowName_ANS.FAQs.alAhlyNet.nbe.mobile.corp.detail.settl.chequ.view,أسئلة شائعة:  هل يمكنني الاستعلام عن تفاصيل الشيكات ؟,
ar,systemFlowName_ANS.FAQs.alAhlyNet.nbe.mobile.corp.detail.settl.chequ.view,أسئلة شائعة:  كيف يمكنني الحصول على تفاصيل الشيكات المدفوعة؟,
ar,systemFlowName_ANS.FAQs.alAhlyNet.nbe.mobile.corp.detail.settl.chequ.view,أسئلة شائعة:  كيف يمكنني الحصول على تفاصيل الشيكات المدفوعة؟,
ar,systemFlowName_ANS.FAQs.alAhlyNet.nbe.mobile.corp.statu.chequ.collect.view,أسئلة شائعة:  هل يمكنني معرفة حالة الشيكات تحت التحصيل؟,
ar,systemFlowName_ANS.FAQs.alAhlyNet.nbe.mobile.corp.statu.chequ.collect.view,أسئلة شائعة:  هل يمكنني معرفة حالة الشيكات تحت التحصيل؟,
ar,systemFlowName_ANS.FAQs.alAhlyNet.nbe.mobile.corp.transfer.made.without.ad.paye,أسئلة شائعة:   هل يمكن اجراء التحويل بدون إضافة مستفيد؟,
ar,systemFlowName_ANS.FAQs.alAhlyNet.nbe.mobile.corp.transfer.made.without.ad.paye,أسئلة شائعة:   هل يمكن اجراء التحويل بدون إضافة مستفيد؟,
ar,systemFlowName_ANS.FAQs.alAhlyNet.nbe.mobile.corp.transfer.note.print,أسئلة شائعة:           هل يمكن طباعة اشعار تحويل؟,
ar,systemFlowName_ANS.FAQs.alAhlyNet.nbe.mobile.corp.transfer.note.print,أسئلة شائعة:           هل يمكن طباعة اشعار تحويل؟,
ar,systemFlowName_ANS.FAQs.alAhlyNet.nbe.mobile.corp.transfer.note.sent.paye,أسئلة شائعة:   هل يتم ارسال اشعار تحويل للمستفيد؟,
ar,systemFlowName_ANS.FAQs.alAhlyNet.nbe.mobile.corp.transfer.note.sent.paye,أسئلة شائعة:   هل يتم ارسال اشعار تحويل للمستفيد؟,
ar,systemFlowName_ANS.FAQs.alAhlyNet.nbe.mobile.corp.transact.carri.inquir,أسئلة شائعة:   هل يمكن الاستعلام عن المعاملات المالية التي تمت من خلال الأهلي نت/ الأهلي موبايل؟,
ar,systemFlowName_ANS.FAQs.alAhlyNet.nbe.mobile.corp.transact.carri.inquir,أسئلة شائعة:   هل يمكن الاستعلام عن المعاملات المالية التي تمت من خلال الأهلي نت/ الأهلي موبايل؟,
ar,systemFlowName_ANS.FAQs.alAhlyNet.nbe.mobile.corp.detail.loan.view,أسئلة شائعة:   ما هي التفاصيل الخاصة بالقروض التي يمكنني الحصول عليها؟,
ar,systemFlowName_ANS.FAQs.alAhlyNet.nbe.mobile.corp.detail.loan.view,أسئلة شائعة:   ما هي التفاصيل الخاصة بالقروض التي يمكنني الحصول عليها؟,
ar,systemFlowName_ANS.FAQs.alAhlyNet.nbe.mobile.corp.loan.acc.statement.print,أسئلة شائعة:   هل يمكنني طباعة كشف حساب للقرض؟,
ar,systemFlowName_ANS.FAQs.alAhlyNet.nbe.mobile.corp.loan.acc.statement.print,أسئلة شائعة:   هل يمكنني طباعة كشف حساب للقرض؟,
ar,systemFlowName_ANS.FAQs.alAhlyNet.nbe.mobile.corp.donat.made,أسئلة شائعة:   هل يمكن اجراء تبرعات؟,
ar,systemFlowName_ANS.FAQs.alAhlyNet.nbe.mobile.corp.donat.made,أسئلة شائعة:   هل يمكن اجراء تبرعات؟,
ar,systemFlowName_ANS.FAQs.alAhlyNet.nbe.mobile.corp.stand.instruct.enabl.make.transfer.outsid.compani.acc,أسئلة شائعة:  هل تتيح خدمة التعليمات المستديمة التحويل خارج حسابات الشركة؟,
ar,systemFlowName_ANS.FAQs.alAhlyNet.nbe.mobile.corp.stand.instruct.enabl.make.transfer.outsid.compani.acc,أسئلة شائعة:  هل تتيح خدمة التعليمات المستديمة التحويل خارج حسابات الشركة؟,
ar,systemFlowName_ANS.FAQs.alAhlyNet.nbe.mobile.corp.stand.instruct.modifi.stop,أسئلة شائعة:   هل يمكنني التعديل او إيقاف التعليمات المستديمة التي تم انشاءها؟,
ar,systemFlowName_ANS.FAQs.alAhlyNet.nbe.mobile.corp.stand.instruct.modifi.stop,أسئلة شائعة:   هل يمكنني التعديل او إيقاف التعليمات المستديمة التي تم انشاءها؟,
ar,systemFlowName_ANS.FAQs.alAhlyNet.nbe.mobile.corp.detail.execut.stand.instruct.view,أسئلة شائعة:  هل يمكنني الاطلاع على تفاصيل التعليمات المستديمة المنفذة؟,
ar,systemFlowName_ANS.FAQs.alAhlyNet.nbe.mobile.corp.detail.execut.stand.instruct.view,أسئلة شائعة:  هل يمكنني الاطلاع على تفاصيل التعليمات المستديمة المنفذة؟,
ar,systemFlowName_ANS.FAQs.alAhlyNet.nbe.mobile.corp.multipl.transfer,أسئلة شائعة:  ما هي خدمة التحويلات المتعددة؟,
ar,systemFlowName_ANS.FAQs.alAhlyNet.nbe.mobile.corp.multipl.transfer,أسئلة شائعة:  ما هي خدمة التحويلات المتعددة؟,
ar,systemFlowName_ANS.FAQs.alAhlyNet.nbe.mobile.corp.bill.payment.top.enabl,أسئلة شائعة:  هل يمكن سداد الفواتير وشحن الهاتف؟,
ar,systemFlowName_ANS.FAQs.alAhlyNet.nbe.mobile.corp.bill.payment.top.enabl,أسئلة شائعة:  هل يمكن سداد الفواتير وشحن الهاتف؟,
ar,systemFlowName_ANS.FAQs.alAhlyNet.nbe.mobile.corp.send.monei.e.wallet.bank,أسئلة شائعة:   هل يمكنني التحويل الي محفظة الكترونية ببنك آخر؟,
ar,systemFlowName_ANS.FAQs.alAhlyNet.nbe.mobile.corp.send.monei.e.wallet.bank,أسئلة شائعة:   هل يمكنني التحويل الي محفظة الكترونية ببنك آخر؟,
ar,systemFlowName_ANS.FAQs.alAhlyNet.nbe.mobile.corp.hard.token.obtain,أسئلة شائعة:   كيف يتم الحصول جهاز رموز الأمان على خدمة الأهلي نت/ الأهلي موبايل؟,
ar,systemFlowName_ANS.FAQs.alAhlyNet.nbe.mobile.corp.hard.token.obtain,أسئلة شائعة:   كيف يتم الحصول جهاز رموز الأمان على خدمة الأهلي نت/ الأهلي موبايل؟,
ar,systemFlowName_ANS.FAQs.alAhlyNet.nbe.mobile.corp.pin.code.creat.hard.token,أسئلة شائعة:   كيف يتم تعيين رقم سري لجهاز رموز الأمان على خدمة الأهلي نت/ الأهلي موبايل؟,
ar,systemFlowName_ANS.FAQs.alAhlyNet.nbe.mobile.corp.pin.code.creat.hard.token,أسئلة شائعة:   كيف يتم تعيين رقم سري لجهاز رموز الأمان على خدمة الأهلي نت/ الأهلي موبايل؟,
ar,systemFlowName_ANS.FAQs.alAhlyNet.nbe.mobile.corp.happen.hard.token.pin.code.enter.incorrectli,أسئلة شائعة:   ماذا يحدث إذا قمت بإدخال الرقم السري الخاص بجهاز رموز الأمان بطريقة غير صحيحة؟,
ar,systemFlowName_ANS.FAQs.alAhlyNet.nbe.mobile.corp.happen.hard.token.pin.code.enter.incorrectli,أسئلة شائعة:   ماذا يحدث إذا قمت بإدخال الرقم السري الخاص بجهاز رموز الأمان بطريقة غير صحيحة؟,
ar,systemFlowName_ANS.FAQs.alAhlyNet.nbe.mobile.corp.on.time.password.otp.creat.hard.taken,أسئلة شائعة:   كيف يتم انشاء الرقم السري المتغير OTP من خلال جهاز رموز الأمان؟,
ar,systemFlowName_ANS.FAQs.alAhlyNet.nbe.mobile.corp.on.time.password.otp.creat.hard.taken,أسئلة شائعة:   كيف يتم انشاء الرقم السري المتغير OTP من خلال جهاز رموز الأمان؟,
ar,systemFlowName_ANS.FAQs.alAhlyNet.nbe.mobile.corp.action.avail.hard.token,أسئلة شائعة:   ما هي الخدمات المتاحة لجهاز رموز الأمان؟,
ar,systemFlowName_ANS.FAQs.alAhlyNet.nbe.mobile.corp.action.avail.hard.token,أسئلة شائعة:   ما هي الخدمات المتاحة لجهاز رموز الأمان؟,
ar,systemFlowName_ANS.FAQs.alAhlyNet.nbe.mobile.corp.hard.token.us,أسئلة شائعة:   هل يمكن استخدام خدمات جهاز رموز الأمان من خلال الأهلي نت/ الأهلي موبايل؟,
ar,systemFlowName_ANS.FAQs.alAhlyNet.nbe.mobile.corp.hard.token.us,أسئلة شائعة:   هل يمكن استخدام خدمات جهاز رموز الأمان من خلال الأهلي نت/ الأهلي موبايل؟,
ar,systemFlowName_ANS.FAQs.al.ahly.payroll.current.acc.program.chequ.book.issu,أسئلة شائعة:  هل يتم استخراج دفتر شيكات,
ar,systemFlowName_ANS.FAQs.al.ahly.payroll.current.acc.program.chequ.book.issu,أسئلة شائعة:  هل يتم استخراج دفتر شيكات,
ar,systemFlowName_ANS.FAQs.al.ahly.payroll.current.acc.program.acc.oper,أسئلة شائعة:  كيفية التعامل على الحساب,
ar,systemFlowName_ANS.FAQs.al.ahly.payroll.current.acc.program.acc.oper,أسئلة شائعة:  كيفية التعامل على الحساب,
ar,systemFlowName_ANS.FAQs.al.ahly.payroll.current.acc.program.advantag.acc,أسئلة شائعة:  مميزات الأهلي للمرتبات على الحسابات,
ar,systemFlowName_ANS.FAQs.al.ahly.payroll.current.acc.program.advantag.acc,أسئلة شائعة:  مميزات الأهلي للمرتبات على الحسابات,
ar,systemFlowName_ANS.FAQs.al.ahly.payroll.current.acc.program.free.charg,أسئلة شائعة:  الخدمات أخرى مجانية,
ar,systemFlowName_ANS.FAQs.al.ahly.payroll.current.acc.program.free.charg,أسئلة شائعة:  الخدمات أخرى مجانية,
ar,systemFlowName_ANS.FAQs.al.ahly.payroll.card.program.chequ.book.issu,أسئلة شائعة:  هل يتم استخراج دفتر شيكات,
ar,systemFlowName_ANS.FAQs.al.ahly.payroll.card.program.chequ.book.issu,أسئلة شائعة:  هل يتم استخراج دفتر شيكات,
ar,systemFlowName_ANS.FAQs.al.ahly.payroll.card.program.us,أسئلة شائعة:  كيفية استخدام البطاقة,
ar,systemFlowName_ANS.FAQs.al.ahly.payroll.card.program.us,أسئلة شائعة:  كيفية استخدام البطاقة,
ar,systemFlowName_ANS.FAQs.al.ahly.payroll.card.program.advantag,أسئلة شائعة:  مميزات الأهلي للمرتبات على البطاقات,
ar,systemFlowName_ANS.FAQs.al.ahly.payroll.card.program.advantag,أسئلة شائعة:  مميزات الأهلي للمرتبات على البطاقات,
ar,systemFlowName_ANS.FAQs.al.ahly.payroll.card.program.free.charg,أسئلة شائعة:  الخدمات أخرى مجانية,
ar,systemFlowName_ANS.FAQs.al.ahly.payroll.card.program.free.charg,أسئلة شائعة:  الخدمات أخرى مجانية,
ar,systemFlowName_ANS.FAQs.salary.advance.advantag,أسئلة شائعة:  مميزات ,
ar,systemFlowName_ANS.FAQs.salary.advance.advantag,أسئلة شائعة:  مميزات ,
ar,systemFlowName_ANS.FAQs.salary.advance.fee,أسئلة شائعة:  مصاريف الاشتراك,
ar,systemFlowName_ANS.FAQs.salary.advance.fee,أسئلة شائعة:  مصاريف الاشتراك,
ar,systemFlowName_ANS.FAQs.credit.cards.ret.offer,أسئلة شائعة:  ما هي البطاقات الائتمانية المتاحة لدى البنك الأهلي المصري ؟,
ar,systemFlowName_ANS.FAQs.credit.cards.ret.offer,أسئلة شائعة:  ما هي البطاقات الائتمانية المتاحة لدى البنك الأهلي المصري ؟,
ar,systemFlowName_ANS.FAQs.credit.cards.ret.reason.not.get.card,أسئلة شائعة:  ما هي المعوقات التي تتسبب في عدم الحصول على البطاقة الائتمانية ؟,
ar,systemFlowName_ANS.FAQs.credit.cards.ret.reason.not.get.card,أسئلة شائعة:  ما هي المعوقات التي تتسبب في عدم الحصول على البطاقة الائتمانية ؟,
ar,systemFlowName_ANS.FAQs.credit.cards.ret.know.card.limit,أسئلة شائعة:  كيف اعرف الحد الائتماني الخاص ببطاقتي ؟,
ar,systemFlowName_ANS.FAQs.credit.cards.ret.know.card.limit,أسئلة شائعة:  كيف اعرف الحد الائتماني الخاص ببطاقتي ؟,
ar,systemFlowName_ANS.FAQs.credit.cards.ret.supplementari.card.determin.it.limit,أسئلة شائعة:  هل يمكنني الحصول على بطاقة ائتمانية اضافية؟ و كيف احدد الحد الائتماني الخاص بها ؟,
ar,systemFlowName_ANS.FAQs.credit.cards.ret.supplementari.card.determin.it.limit,أسئلة شائعة:  هل يمكنني الحصول على بطاقة ائتمانية اضافية؟ و كيف احدد الحد الائتماني الخاص بها ؟,
ar,systemFlowName_ANS.FAQs.credit.cards.ret.when.card.deactiv,أسئلة شائعة:  متى يتم ايقاف استخدام البطاقة ؟,
ar,systemFlowName_ANS.FAQs.credit.cards.ret.when.card.deactiv,أسئلة شائعة:  متى يتم ايقاف استخدام البطاقة ؟,
ar,systemFlowName_ANS.FAQs.credit.cards.ret.report.card.case.lost.damag,أسئلة شائعة:  في حالة فقدان او تلف البطاقة الائتمانية ما هي الاجراءات التي يجب على العميل اتباعها ؟,
ar,systemFlowName_ANS.FAQs.credit.cards.ret.report.card.case.lost.damag,أسئلة شائعة:  في حالة فقدان او تلف البطاقة الائتمانية ما هي الاجراءات التي يجب على العميل اتباعها ؟,
ar,systemFlowName_ANS.FAQs.credit.cards.ret.know.card.renew.date,أسئلة شائعة:  كيفية معرفة موعد تجديد البطاقة ؟,
ar,systemFlowName_ANS.FAQs.credit.cards.ret.know.card.renew.date,أسئلة شائعة:  كيفية معرفة موعد تجديد البطاقة ؟,
ar,systemFlowName_ANS.FAQs.credit.cards.ret.case.forget.pin.code,أسئلة شائعة:  ما الاجراءات التي يجب على العميل اتباعها في حالة نسيان الرقم السرى ؟,
ar,systemFlowName_ANS.FAQs.credit.cards.ret.case.forget.pin.code,أسئلة شائعة:  ما الاجراءات التي يجب على العميل اتباعها في حالة نسيان الرقم السرى ؟,
ar,systemFlowName_ANS.FAQs.credit.cards.ret.grace.period.debit.interest.calcul,أسئلة شائعة:  ما هي فترة السماح للبطاقة الائتمانية ؟ وكيف يتم احتساب العوائد المدينة ؟,
ar,systemFlowName_ANS.FAQs.credit.cards.ret.grace.period.debit.interest.calcul,أسئلة شائعة:  ما هي فترة السماح للبطاقة الائتمانية ؟ وكيف يتم احتساب العوائد المدينة ؟,
ar,systemFlowName_ANS.FAQs.credit.cards.ret.subscrib.card.e.statement,أسئلة شائعة:  كيف يمكنني الاشتراك في خدمه الكشف الإلكتروني للبطاقات ؟,
ar,systemFlowName_ANS.FAQs.credit.cards.ret.subscrib.card.e.statement,أسئلة شائعة:  كيف يمكنني الاشتراك في خدمه الكشف الإلكتروني للبطاقات ؟,
ar,systemFlowName_ANS.FAQs.credit.cards.ret.card.payment,أسئلة شائعة:  ما هي الوسائل الممكنة لسداد رصيد بطاقات الائتمان ؟,
ar,systemFlowName_ANS.FAQs.credit.cards.ret.card.payment,أسئلة شائعة:  ما هي الوسائل الممكنة لسداد رصيد بطاقات الائتمان ؟,
ar,systemFlowName_ANS.FAQs.credit.cards.ret.card.pin.code.why.import,أسئلة شائعة:  ما هو الرقم السرى الخاص بالبطاقة الائتمانية ؟ و ما هي اهميته ؟,
ar,systemFlowName_ANS.FAQs.credit.cards.ret.card.pin.code.why.import,أسئلة شائعة:  ما هو الرقم السرى الخاص بالبطاقة الائتمانية ؟ و ما هي اهميته ؟,
ar,systemFlowName_ANS.FAQs.prepaid.cards.elig,أسئلة شائعة:  لمن تصدر بطاقة المدفوعة مقدما ؟,
ar,systemFlowName_ANS.FAQs.prepaid.cards.elig,أسئلة شائعة:  لمن تصدر بطاقة المدفوعة مقدما ؟,
ar,systemFlowName_ANS.FAQs.prepaid.cards.card,أسئلة شائعة:  كيف يمكن الحصول على بطاقة المدفوعة مقدما ؟,
ar,systemFlowName_ANS.FAQs.prepaid.cards.card,أسئلة شائعة:  كيف يمكن الحصول على بطاقة المدفوعة مقدما ؟,
ar,systemFlowName_ANS.FAQs.prepaid.cards.document.req.issuanc.card,أسئلة شائعة:  ما هي المستندات المطلوبة لاصدار البطاقة ؟ ,
ar,systemFlowName_ANS.FAQs.prepaid.cards.document.req.issuanc.card,أسئلة شائعة:  ما هي المستندات المطلوبة لاصدار البطاقة ؟ ,
ar,systemFlowName_ANS.FAQs.prepaid.cards.card.us.onlin.shop,أسئلة شائعة:  هل يمكن استخدم البطاقة في الشراء اونلاين ؟,
ar,systemFlowName_ANS.FAQs.prepaid.cards.card.us.onlin.shop,أسئلة شائعة:  هل يمكن استخدم البطاقة في الشراء اونلاين ؟,
ar,systemFlowName_ANS.FAQs.prepaid.cards.card.us.purchas,أسئلة شائعة:  هل يمكن استخدام البطاقة في المشتريات ؟ ,
ar,systemFlowName_ANS.FAQs.prepaid.cards.card.us.purchas,أسئلة شائعة:  هل يمكن استخدام البطاقة في المشتريات ؟ ,
ar,systemFlowName_ANS.FAQs.prepaid.cards.card.issuanc.fee,أسئلة شائعة:  ما هي مصاريف اصدار البطاقة ؟ ,
ar,systemFlowName_ANS.FAQs.prepaid.cards.card.issuanc.fee,أسئلة شائعة:  ما هي مصاريف اصدار البطاقة ؟ ,
ar,systemFlowName_ANS.FAQs.prepaid.cards.card.renew.fee,أسئلة شائعة:  ما هي مصاريف تجديد البطاقة ؟ ,
ar,systemFlowName_ANS.FAQs.prepaid.cards.card.renew.fee,أسئلة شائعة:  ما هي مصاريف تجديد البطاقة ؟ ,
ar,systemFlowName_ANS.FAQs.prepaid.cards.foreign.remitt.receiv.card,أسئلة شائعة:  هل يمكن استقبال حوالات خارجية على البطاقة ؟ ,
ar,systemFlowName_ANS.FAQs.prepaid.cards.foreign.remitt.receiv.card,أسئلة شائعة:  هل يمكن استقبال حوالات خارجية على البطاقة ؟ ,
ar,systemFlowName_ANS.FAQs.prepaid.cards.card.max.daili.withdraw.limit,أسئلة شائعة:  ما هو الحد الأقصى اليومى للسحب من البطاقة ؟ ,
ar,systemFlowName_ANS.FAQs.prepaid.cards.card.max.daili.withdraw.limit,أسئلة شائعة:  ما هو الحد الأقصى اليومى للسحب من البطاقة ؟ ,
ar,systemFlowName_ANS.FAQs.prepaid.cards.cash.withdraw.fee.atm,أسئلة شائعة:  ما هو رسم السحب النقدي من ماكينات مصرفنا ؟ ,
ar,systemFlowName_ANS.FAQs.prepaid.cards.cash.withdraw.fee.atm,أسئلة شائعة:  ما هو رسم السحب النقدي من ماكينات مصرفنا ؟ ,
ar,systemFlowName_ANS.FAQs.prepaid.cards.cash.withdraw.fee.atm.local.bank,أسئلة شائعة:  ما هو رسم السحب النقدي من ماكينات البنوك المحلية ؟ ,
ar,systemFlowName_ANS.FAQs.prepaid.cards.cash.withdraw.fee.atm.local.bank,أسئلة شائعة:  ما هو رسم السحب النقدي من ماكينات البنوك المحلية ؟ ,
ar,systemFlowName_ANS.FAQs.prepaid.cards.long.card.valid.period,أسئلة شائعة:  ما هي مدة صلاحية البطاقة ؟,
ar,systemFlowName_ANS.FAQs.prepaid.cards.long.card.valid.period,أسئلة شائعة:  ما هي مدة صلاحية البطاقة ؟,
ar,systemFlowName_ANS.FAQs.prepaid.cards.sm.notif.sent.when.card.us,أسئلة شائعة:  هل يتم ارسال رسالة نصية عند استخدام بطاقه المقدفوعة مقدما؟ ,
ar,systemFlowName_ANS.FAQs.prepaid.cards.sm.notif.sent.when.card.us,أسئلة شائعة:  هل يتم ارسال رسالة نصية عند استخدام بطاقه المقدفوعة مقدما؟ ,
ar,systemFlowName_ANS.FAQs.prepaid.cards.card.issu.foreign,أسئلة شائعة:  هل يمكن اصدار بطاقة مدفوعة مقدما للأجانب ؟ ,
ar,systemFlowName_ANS.FAQs.prepaid.cards.card.issu.foreign,أسئلة شائعة:  هل يمكن اصدار بطاقة مدفوعة مقدما للأجانب ؟ ,
ar,systemFlowName_ANS.FAQs.debit.cards.card,أسئلة شائعة:  ما هي بطاقات الخصم المباشر ,
ar,systemFlowName_ANS.FAQs.debit.cards.card,أسئلة شائعة:  ما هي بطاقات الخصم المباشر ,
ar,systemFlowName_ANS.FAQs.debit.cards.type.issu.ret.custom,أسئلة شائعة:  ما هي أنواع بطاقات الخصم المباشرالتى تصدر للعملاء الافراد,
ar,systemFlowName_ANS.FAQs.debit.cards.type.issu.ret.custom,أسئلة شائعة:  ما هي أنواع بطاقات الخصم المباشرالتى تصدر للعملاء الافراد,
ar,systemFlowName_ANS.FAQs.debit.cards.appli.card,أسئلة شائعة:  كيف يمكننى استخراج بطاقه الخصم المباشر؟  ,
ar,systemFlowName_ANS.FAQs.debit.cards.appli.card,أسئلة شائعة:  كيف يمكننى استخراج بطاقه الخصم المباشر؟  ,
ar,systemFlowName_ANS.FAQs.debit.cards.collect.card.it.issuanc,أسئلة شائعة:  ماهى طرق استلام البطاقة بعد اصدارها ؟,
ar,systemFlowName_ANS.FAQs.debit.cards.collect.card.it.issuanc,أسئلة شائعة:  ماهى طرق استلام البطاقة بعد اصدارها ؟,
ar,systemFlowName_ANS.FAQs.debit.cards.activ.card,أسئلة شائعة:  كيف يمكننى تفعيل البطاقه ؟,
ar,systemFlowName_ANS.FAQs.debit.cards.activ.card,أسئلة شائعة:  كيف يمكننى تفعيل البطاقه ؟,
ar,systemFlowName_ANS.FAQs.debit.cards.supplementari.card.issu,أسئلة شائعة:  هل يمكن استخراج بطاقه إضافية ؟ ,
ar,systemFlowName_ANS.FAQs.debit.cards.supplementari.card.issu,أسئلة شائعة:  هل يمكن استخراج بطاقه إضافية ؟ ,
ar,systemFlowName_ANS.FAQs.debit.cards.on.acc.link.card,أسئلة شائعة:  هل يمكن ربط اكثر من حساب للبطاقه ؟,
ar,systemFlowName_ANS.FAQs.debit.cards.on.acc.link.card,أسئلة شائعة:  هل يمكن ربط اكثر من حساب للبطاقه ؟,
ar,systemFlowName_ANS.FAQs.debit.cards.transfer.made.acc.card,أسئلة شائعة:  هل يمكن التحويل بين الحسابات من خلال بطاقه الخصم ؟,
ar,systemFlowName_ANS.FAQs.debit.cards.transfer.made.acc.card,أسئلة شائعة:  هل يمكن التحويل بين الحسابات من خلال بطاقه الخصم ؟,
ar,systemFlowName_ANS.FAQs.debit.cards.card.us.onlin.shop,أسئلة شائعة:  هل يمكن استخدم البطاقة في الشراء اونلاين ؟,
ar,systemFlowName_ANS.FAQs.debit.cards.card.us.onlin.shop,أسئلة شائعة:  هل يمكن استخدم البطاقة في الشراء اونلاين ؟,
ar,systemFlowName_ANS.FAQs.debit.cards.contactless.featur,أسئلة شائعة:  ما هي الخاصية اللاتلامسية Contactless,
ar,systemFlowName_ANS.FAQs.debit.cards.contactless.featur,أسئلة شائعة:  ما هي الخاصية اللاتلامسية Contactless,
ar,systemFlowName_ANS.FAQs.debit.cards.credit.card.payment.made,أسئلة شائعة:  هل يمكن تسديد بطاقه الائتمان عن طريق بطاقه الخصم المباشر ؟ ,
ar,systemFlowName_ANS.FAQs.debit.cards.credit.card.payment.made,أسئلة شائعة:  هل يمكن تسديد بطاقه الائتمان عن طريق بطاقه الخصم المباشر ؟ ,
ar,systemFlowName_ANS.FAQs.debit.cards.us.govern.payment,أسئلة شائعة:  هل يمكن استخدام بطاقه الخصم في المدفوعات الحكومية ؟,
ar,systemFlowName_ANS.FAQs.debit.cards.us.govern.payment,أسئلة شائعة:  هل يمكن استخدام بطاقه الخصم في المدفوعات الحكومية ؟,
ar,systemFlowName_ANS.FAQs.debit.cards.card.link.phone.cash.wallet,أسئلة شائعة:  هل يمكن ربط بطاقه الخصم على محفظة الفون كاش ؟ ,
ar,systemFlowName_ANS.FAQs.debit.cards.card.link.phone.cash.wallet,أسئلة شائعة:  هل يمكن ربط بطاقه الخصم على محفظة الفون كاش ؟ ,
ar,systemFlowName_ANS.FAQs.debit.cards.sm.notif.sent.when.card.us,أسئلة شائعة:  هل يتم ارسال رسالة نصية عند استخدام بطاقه الخصم ؟ ,
ar,systemFlowName_ANS.FAQs.debit.cards.sm.notif.sent.when.card.us,أسئلة شائعة:  هل يتم ارسال رسالة نصية عند استخدام بطاقه الخصم ؟ ,
ar,systemFlowName_ANS.FAQs.corp.debit.cards.elig.corp,أسئلة شائعة:  لمن تصدر بطاقة الخصم المباشر للشركات ؟,
ar,systemFlowName_ANS.FAQs.corp.debit.cards.elig.corp,أسئلة شائعة:  لمن تصدر بطاقة الخصم المباشر للشركات ؟,
ar,systemFlowName_ANS.FAQs.corp.debit.cards.appli.corp.card,أسئلة شائعة:  كيف يمكن الحصول على بطاقة الخصم المباشر للشركات ؟,
ar,systemFlowName_ANS.FAQs.corp.debit.cards.appli.corp.card,أسئلة شائعة:  كيف يمكن الحصول على بطاقة الخصم المباشر للشركات ؟,
ar,systemFlowName_ANS.FAQs.corp.debit.cards.card.collect.issuanc,أسئلة شائعة:  ماهى طرق استلام البطاقة بعد اصدارها ؟,
ar,systemFlowName_ANS.FAQs.corp.debit.cards.card.collect.issuanc,أسئلة شائعة:  ماهى طرق استلام البطاقة بعد اصدارها ؟,
ar,systemFlowName_ANS.FAQs.corp.debit.cards.on.acc.link.card,أسئلة شائعة:  هل يمكن ربط اكثر من حساب للبطاقه ؟,
ar,systemFlowName_ANS.FAQs.corp.debit.cards.on.acc.link.card,أسئلة شائعة:  هل يمكن ربط اكثر من حساب للبطاقه ؟,
ar,systemFlowName_ANS.FAQs.corp.debit.cards.transfer.made.acc.card,أسئلة شائعة:  هل يمكن التحويل بين الحسابات من خلال بطاقه الخصم ؟,
ar,systemFlowName_ANS.FAQs.corp.debit.cards.transfer.made.acc.card,أسئلة شائعة:  هل يمكن التحويل بين الحسابات من خلال بطاقه الخصم ؟,
ar,systemFlowName_ANS.FAQs.corp.debit.cards.card.us.onlin.shop,أسئلة شائعة:  هل يمكن استخدم البطاقة في الشراء اونلاين ؟,
ar,systemFlowName_ANS.FAQs.corp.debit.cards.card.us.onlin.shop,أسئلة شائعة:  هل يمكن استخدم البطاقة في الشراء اونلاين ؟,
ar,systemFlowName_ANS.FAQs.corp.debit.cards.card.us.purchas,أسئلة شائعة:  هل يمكن استخدام البطاقة في المشتريات ؟ ,
ar,systemFlowName_ANS.FAQs.corp.debit.cards.card.us.purchas,أسئلة شائعة:  هل يمكن استخدام البطاقة في المشتريات ؟ ,
ar,systemFlowName_ANS.FAQs.corp.debit.cards.card.issuanc.fee,أسئلة شائعة:  ما هي مصاريف اصدار البطاقة ؟ ,
ar,systemFlowName_ANS.FAQs.corp.debit.cards.card.issuanc.fee,أسئلة شائعة:  ما هي مصاريف اصدار البطاقة ؟ ,
ar,systemFlowName_ANS.FAQs.corp.debit.cards.card.renew.fee,أسئلة شائعة:  ما هي مصاريف تجديد البطاقة ؟ ,
ar,systemFlowName_ANS.FAQs.corp.debit.cards.card.renew.fee,أسئلة شائعة:  ما هي مصاريف تجديد البطاقة ؟ ,
ar,systemFlowName_ANS.FAQs.corp.debit.cards.card.max.daili.withdraw.limit,أسئلة شائعة:  ما هو الحد الأقصى اليومى للسحب من البطاقة ؟ ,
ar,systemFlowName_ANS.FAQs.corp.debit.cards.card.max.daili.withdraw.limit,أسئلة شائعة:  ما هو الحد الأقصى اليومى للسحب من البطاقة ؟ ,
ar,systemFlowName_ANS.FAQs.corp.debit.cards.card.max.daili.purchas.limit,أسئلة شائعة:  ما هو الحد الأقصى اليومى للمشتريات بالبطاقة ؟ ,
ar,systemFlowName_ANS.FAQs.corp.debit.cards.card.max.daili.purchas.limit,أسئلة شائعة:  ما هو الحد الأقصى اليومى للمشتريات بالبطاقة ؟ ,
ar,systemFlowName_ANS.FAQs.corp.debit.cards.cash.withdraw.fee.atm.local.bank,أسئلة شائعة:  ما هو رسم السحب النقدي من ماكينات البنوك المحلية ؟ ,
ar,systemFlowName_ANS.FAQs.corp.debit.cards.cash.withdraw.fee.atm.local.bank,أسئلة شائعة:  ما هو رسم السحب النقدي من ماكينات البنوك المحلية ؟ ,
ar,systemFlowName_ANS.FAQs.corp.debit.cards.balanc.inquiri.fee.atm.local.bank,أسئلة شائعة:  ما هو رسم الاستعلام عن الرصيد من ماكينات البنوك المحلية ؟,
ar,systemFlowName_ANS.FAQs.corp.debit.cards.balanc.inquiri.fee.atm.local.bank,أسئلة شائعة:  ما هو رسم الاستعلام عن الرصيد من ماكينات البنوك المحلية ؟,
ar,systemFlowName_ANS.FAQs.corp.credit.cards.appli.corp.card,أسئلة شائعة:  كيف يمكننى استخراج  بطاقة ائتمان الشركات ؟,
ar,systemFlowName_ANS.FAQs.corp.credit.cards.appli.corp.card,أسئلة شائعة:  كيف يمكننى استخراج  بطاقة ائتمان الشركات ؟,
ar,systemFlowName_ANS.FAQs.corp.credit.cards.card.receiv.issuanc,أسئلة شائعة:  ماهى طرق استلام البطاقة بعد اصدارها ؟,
ar,systemFlowName_ANS.FAQs.corp.credit.cards.card.receiv.issuanc,أسئلة شائعة:  ماهى طرق استلام البطاقة بعد اصدارها ؟,
ar,systemFlowName_ANS.FAQs.corp.credit.cards.activ.card,أسئلة شائعة:  كيف يمكننى تفعيل البطاقه ؟,
ar,systemFlowName_ANS.FAQs.corp.credit.cards.activ.card,أسئلة شائعة:  كيف يمكننى تفعيل البطاقه ؟,
ar,systemFlowName_ANS.FAQs.corp.credit.cards.min.payment.card,أسئلة شائعة:  ماهو الحد الأدنى المطلوب سداده للبطاقه ؟,
ar,systemFlowName_ANS.FAQs.corp.credit.cards.min.payment.card,أسئلة شائعة:  ماهو الحد الأدنى المطلوب سداده للبطاقه ؟,
ar,systemFlowName_ANS.FAQs.corp.credit.cards.interest.charg.case.min.payment.made,أسئلة شائعة:  هل يتم احتساب فوائد فى حاله سداد الحد الادنى ؟,
ar,systemFlowName_ANS.FAQs.corp.credit.cards.interest.charg.case.min.payment.made,أسئلة شائعة:  هل يتم احتساب فوائد فى حاله سداد الحد الادنى ؟,
ar,systemFlowName_ANS.FAQs.corp.credit.cards.card.payment.made,أسئلة شائعة:  ماهى طرق سداد بطاقات الائتمان ؟,
ar,systemFlowName_ANS.FAQs.corp.credit.cards.card.payment.made,أسئلة شائعة:  ماهى طرق سداد بطاقات الائتمان ؟,
ar,systemFlowName_ANS.FAQs.corp.credit.cards.set.instal.payment.directli.merchant,أسئلة شائعة:  هل يمكن التقسيط من خلال التاجر مباشره ؟,
ar,systemFlowName_ANS.FAQs.corp.credit.cards.set.instal.payment.directli.merchant,أسئلة شائعة:  هل يمكن التقسيط من خلال التاجر مباشره ؟,
ar,systemFlowName_ANS.FAQs.corp.credit.cards.set.instal.payment.purchas.non.merchant,أسئلة شائعة:  هل يمكن تقسيط عمليه تمت من تاجر غير متعاقد مع البنك الاهلى ؟,
ar,systemFlowName_ANS.FAQs.corp.credit.cards.set.instal.payment.purchas.non.merchant,أسئلة شائعة:  هل يمكن تقسيط عمليه تمت من تاجر غير متعاقد مع البنك الاهلى ؟,
ar,systemFlowName_ANS.FAQs.corp.credit.cards.know.outstand.balanc.card,أسئلة شائعة:  ماهى طرق معرفه المديونيه المستحقه على البطاقة ؟,
ar,systemFlowName_ANS.FAQs.corp.credit.cards.know.outstand.balanc.card,أسئلة شائعة:  ماهى طرق معرفه المديونيه المستحقه على البطاقة ؟,
ar,systemFlowName_ANS.FAQs.corp.credit.cards.card.issuanc.fee,أسئلة شائعة:  ما هي رسوم اصدار البطاقة ؟,
ar,systemFlowName_ANS.FAQs.corp.credit.cards.card.issuanc.fee,أسئلة شائعة:  ما هي رسوم اصدار البطاقة ؟,
ar,systemFlowName_ANS.FAQs.corp.credit.cards.card.renew.fee,أسئلة شائعة:  ما هي رسوم تجديد البطاقة ؟ ,
ar,systemFlowName_ANS.FAQs.corp.credit.cards.card.renew.fee,أسئلة شائعة:  ما هي رسوم تجديد البطاقة ؟ ,
ar,systemFlowName_ANS.FAQs.corp.credit.cards.lost.damag.card.replac.fee,أسئلة شائعة:  ما هي رسوم اصدار بدل الفاقد او التالف ؟ ,
ar,systemFlowName_ANS.FAQs.corp.credit.cards.lost.damag.card.replac.fee,أسئلة شائعة:  ما هي رسوم اصدار بدل الفاقد او التالف ؟ ,
ar,systemFlowName_ANS.FAQs.corp.credit.cards.limit.fee,أسئلة شائعة:  ما هي رسوم تجاوز الحد الائتمانى ؟ ,
ar,systemFlowName_ANS.FAQs.corp.credit.cards.limit.fee,أسئلة شائعة:  ما هي رسوم تجاوز الحد الائتمانى ؟ ,
ar,systemFlowName_ANS.FAQs.corp.credit.cards.late.payment.fee,أسئلة شائعة:  ما هي رسوم التأخير ؟ ,
ar,systemFlowName_ANS.FAQs.corp.credit.cards.late.payment.fee,أسئلة شائعة:  ما هي رسوم التأخير ؟ ,
ar,systemFlowName_ANS.FAQs.corp.credit.cards.card.max.limit,أسئلة شائعة:  ما هو الحد الائتمانى الأقصى للبطاقة ؟ ,
ar,systemFlowName_ANS.FAQs.corp.credit.cards.card.max.limit,أسئلة شائعة:  ما هو الحد الائتمانى الأقصى للبطاقة ؟ ,
ar,systemFlowName_ANS.FAQs.corp.credit.cards.card.grace.period,أسئلة شائعة:  ما هي فترة السماح الخاصه بالبطاقة ؟ ,
ar,systemFlowName_ANS.FAQs.corp.credit.cards.card.grace.period,أسئلة شائعة:  ما هي فترة السماح الخاصه بالبطاقة ؟ ,